genes	uniprot
B9J09_RS00005	B9J09_RS00005
B9J09_RS00010	B9J09_RS00010
B9J09_RS00015	B9J09_RS00015
B9J09_RS12740	B9J09_RS12740
B9J09_RS00025	B9J09_RS00025
B9J09_RS00030	B9J09_RS00030
B9J09_RS00035	B9J09_RS00035
B9J09_RS00040	B9J09_RS00040
B9J09_RS00045	B9J09_RS00045
B9J09_RS00050	B9J09_RS00050
B9J09_RS00055	B9J09_RS00055
B9J09_RS00060	B9J09_RS00060
B9J09_RS00065	B9J09_RS00065
B9J09_RS12745	B9J09_RS12745
B9J09_RS12750	B9J09_RS12750
B9J09_RS00075	B9J09_RS00075
B9J09_RS12230	B9J09_RS12230
B9J09_RS00085	B9J09_RS00085
B9J09_RS00100	B9J09_RS00100
B9J09_RS00115	B9J09_RS00115
B9J09_RS00120	B9J09_RS00120
B9J09_RS00125	B9J09_RS00125
B9J09_RS00130	B9J09_RS00130
B9J09_RS00135	B9J09_RS00135
B9J09_RS00140	B9J09_RS00140
B9J09_RS00145	B9J09_RS00145
B9J09_RS00150	B9J09_RS00150
B9J09_RS00160	B9J09_RS00160
B9J09_RS00175	B9J09_RS00175
B9J09_RS00180	B9J09_RS00180
B9J09_RS00185	B9J09_RS00185
B9J09_RS00190	B9J09_RS00190
B9J09_RS00200	B9J09_RS00200
B9J09_RS00205	B9J09_RS00205
B9J09_RS00210	B9J09_RS00210
B9J09_RS00215	B9J09_RS00215
B9J09_RS12235	B9J09_RS12235
B9J09_RS00225	B9J09_RS00225
B9J09_RS12240	B9J09_RS12240
B9J09_RS00235	B9J09_RS00235
B9J09_RS00240	B9J09_RS00240
B9J09_RS00245	B9J09_RS00245
B9J09_RS00250	B9J09_RS00250
B9J09_RS00255	B9J09_RS00255
B9J09_RS00260	B9J09_RS00260
B9J09_RS00270	B9J09_RS00270
B9J09_RS00305	B9J09_RS00305
B9J09_RS00310	B9J09_RS00310
B9J09_RS00315	B9J09_RS00315
B9J09_RS00320	B9J09_RS00320
B9J09_RS00325	B9J09_RS00325
B9J09_RS00330	B9J09_RS00330
B9J09_RS00335	B9J09_RS00335
B9J09_RS13260	B9J09_RS13260
B9J09_RS00340	B9J09_RS00340
B9J09_RS00345	B9J09_RS00345
B9J09_RS00350	B9J09_RS00350
B9J09_RS00355	B9J09_RS00355
B9J09_RS00360	B9J09_RS00360
B9J09_RS00365	B9J09_RS00365
B9J09_RS00370	B9J09_RS00370
B9J09_RS00375	B9J09_RS00375
B9J09_RS00380	B9J09_RS00380
B9J09_RS00390	B9J09_RS00390
B9J09_RS00395	B9J09_RS00395
B9J09_RS00400	B9J09_RS00400
B9J09_RS00405	B9J09_RS00405
B9J09_RS00410	B9J09_RS00410
B9J09_RS00415	B9J09_RS00415
B9J09_RS00420	B9J09_RS00420
B9J09_RS00425	B9J09_RS00425
B9J09_RS00430	B9J09_RS00430
B9J09_RS00435	B9J09_RS00435
B9J09_RS00440	B9J09_RS00440
B9J09_RS00445	B9J09_RS00445
B9J09_RS00450	B9J09_RS00450
B9J09_RS00455	B9J09_RS00455
B9J09_RS00460	B9J09_RS00460
B9J09_RS00470	B9J09_RS00470
B9J09_RS00475	B9J09_RS00475
B9J09_RS00480	B9J09_RS00480
B9J09_RS00485	B9J09_RS00485
B9J09_RS00490	B9J09_RS00490
B9J09_RS00495	B9J09_RS00495
B9J09_RS00500	B9J09_RS00500
B9J09_RS00505	B9J09_RS00505
B9J09_RS00510	B9J09_RS00510
B9J09_RS00515	B9J09_RS00515
B9J09_RS00520	B9J09_RS00520
B9J09_RS00525	B9J09_RS00525
B9J09_RS00535	B9J09_RS00535
B9J09_RS00540	B9J09_RS00540
B9J09_RS00545	B9J09_RS00545
B9J09_RS00550	B9J09_RS00550
B9J09_RS00555	B9J09_RS00555
B9J09_RS00560	B9J09_RS00560
B9J09_RS12755	B9J09_RS12755
B9J09_RS00570	B9J09_RS00570
B9J09_RS00575	B9J09_RS00575
B9J09_RS00580	B9J09_RS00580
B9J09_RS00585	B9J09_RS00585
B9J09_RS00590	B9J09_RS00590
B9J09_RS00600	B9J09_RS00600
B9J09_RS00605	B9J09_RS00605
B9J09_RS00610	B9J09_RS00610
B9J09_RS00615	B9J09_RS00615
B9J09_RS00620	B9J09_RS00620
B9J09_RS00625	B9J09_RS00625
B9J09_RS00630	B9J09_RS00630
B9J09_RS00635	B9J09_RS00635
B9J09_RS00640	B9J09_RS00640
B9J09_RS00645	B9J09_RS00645
B9J09_RS00650	B9J09_RS00650
B9J09_RS00655	B9J09_RS00655
B9J09_RS00660	B9J09_RS00660
B9J09_RS00670	B9J09_RS00670
B9J09_RS00675	B9J09_RS00675
B9J09_RS00685	B9J09_RS00685
B9J09_RS13395	B9J09_RS13395
B9J09_RS12760	B9J09_RS12760
B9J09_RS12765	B9J09_RS12765
B9J09_RS00700	B9J09_RS00700
B9J09_RS00705	B9J09_RS00705
B9J09_RS00710	B9J09_RS00710
B9J09_RS00715	B9J09_RS00715
B9J09_RS00720	B9J09_RS00720
B9J09_RS00750	B9J09_RS00750
B9J09_RS00755	B9J09_RS00755
B9J09_RS00760	B9J09_RS00760
B9J09_RS00765	B9J09_RS00765
B9J09_RS00770	B9J09_RS00770
B9J09_RS00775	B9J09_RS00775
B9J09_RS00780	B9J09_RS00780
B9J09_RS00785	B9J09_RS00785
B9J09_RS00790	B9J09_RS00790
B9J09_RS13400	B9J09_RS13400
B9J09_RS00800	B9J09_RS00800
B9J09_RS00805	B9J09_RS00805
B9J09_RS00810	B9J09_RS00810
B9J09_RS00820	B9J09_RS00820
B9J09_RS00825	B9J09_RS00825
B9J09_RS00830	B9J09_RS00830
B9J09_RS00835	B9J09_RS00835
B9J09_RS00840	B9J09_RS00840
B9J09_RS00855	B9J09_RS00855
B9J09_RS00865	B9J09_RS00865
B9J09_RS00870	B9J09_RS00870
B9J09_RS00875	B9J09_RS00875
B9J09_RS00880	B9J09_RS00880
B9J09_RS00885	B9J09_RS00885
B9J09_RS00890	B9J09_RS00890
B9J09_RS00895	B9J09_RS00895
B9J09_RS00900	B9J09_RS00900
B9J09_RS00905	B9J09_RS00905
B9J09_RS00910	B9J09_RS00910
B9J09_RS00920	B9J09_RS00920
B9J09_RS00925	B9J09_RS00925
B9J09_RS00930	B9J09_RS00930
B9J09_RS00935	B9J09_RS00935
B9J09_RS00940	B9J09_RS00940
B9J09_RS00945	B9J09_RS00945
B9J09_RS00960	B9J09_RS00960
B9J09_RS00965	B9J09_RS00965
B9J09_RS00970	B9J09_RS00970
B9J09_RS00975	B9J09_RS00975
B9J09_RS00980	B9J09_RS00980
B9J09_RS00985	B9J09_RS00985
B9J09_RS00990	B9J09_RS00990
B9J09_RS01000	B9J09_RS01000
B9J09_RS01005	B9J09_RS01005
B9J09_RS01010	B9J09_RS01010
B9J09_RS01015	B9J09_RS01015
B9J09_RS01020	B9J09_RS01020
B9J09_RS01025	B9J09_RS01025
B9J09_RS01040	B9J09_RS01040
B9J09_RS01045	B9J09_RS01045
B9J09_RS01050	B9J09_RS01050
B9J09_RS01055	B9J09_RS01055
B9J09_RS01060	B9J09_RS01060
B9J09_RS01065	B9J09_RS01065
B9J09_RS01070	B9J09_RS01070
B9J09_RS01075	B9J09_RS01075
B9J09_RS01080	B9J09_RS01080
B9J09_RS01090	B9J09_RS01090
B9J09_RS01095	B9J09_RS01095
B9J09_RS01100	B9J09_RS01100
B9J09_RS12250	B9J09_RS12250
B9J09_RS13265	B9J09_RS13265
B9J09_RS01120	B9J09_RS01120
B9J09_RS01125	B9J09_RS01125
B9J09_RS01135	B9J09_RS01135
B9J09_RS01140	B9J09_RS01140
B9J09_RS01145	B9J09_RS01145
B9J09_RS01150	B9J09_RS01150
B9J09_RS01155	B9J09_RS01155
B9J09_RS01160	B9J09_RS01160
B9J09_RS01165	B9J09_RS01165
B9J09_RS01170	B9J09_RS01170
B9J09_RS01180	B9J09_RS01180
B9J09_RS01185	B9J09_RS01185
B9J09_RS01190	B9J09_RS01190
B9J09_RS12255	B9J09_RS12255
B9J09_RS12260	B9J09_RS12260
B9J09_RS01205	B9J09_RS01205
B9J09_RS01210	B9J09_RS01210
B9J09_RS01215	B9J09_RS01215
B9J09_RS01220	B9J09_RS01220
B9J09_RS01225	B9J09_RS01225
B9J09_RS01230	B9J09_RS01230
B9J09_RS01235	B9J09_RS01235
B9J09_RS12530	B9J09_RS12530
B9J09_RS01240	B9J09_RS01240
B9J09_RS01245	B9J09_RS01245
B9J09_RS01250	B9J09_RS01250
B9J09_RS01255	B9J09_RS01255
B9J09_RS01260	B9J09_RS01260
B9J09_RS01265	B9J09_RS01265
B9J09_RS01270	B9J09_RS01270
B9J09_RS01275	B9J09_RS01275
B9J09_RS01290	B9J09_RS01290
B9J09_RS01295	B9J09_RS01295
B9J09_RS01300	B9J09_RS01300
B9J09_RS01305	B9J09_RS01305
B9J09_RS12770	B9J09_RS12770
B9J09_RS12780	B9J09_RS12780
B9J09_RS12790	B9J09_RS12790
B9J09_RS01335	B9J09_RS01335
B9J09_RS13270	B9J09_RS13270
B9J09_RS13275	B9J09_RS13275
B9J09_RS12795	B9J09_RS12795
B9J09_RS12800	B9J09_RS12800
B9J09_RS01345	B9J09_RS01345
B9J09_RS12275	B9J09_RS12275
B9J09_RS01350	B9J09_RS01350
B9J09_RS01355	B9J09_RS01355
B9J09_RS01360	B9J09_RS01360
B9J09_RS01365	B9J09_RS01365
B9J09_RS01370	B9J09_RS01370
B9J09_RS01380	B9J09_RS01380
B9J09_RS01385	B9J09_RS01385
B9J09_RS01390	B9J09_RS01390
B9J09_RS01395	B9J09_RS01395
B9J09_RS01400	B9J09_RS01400
B9J09_RS01405	B9J09_RS01405
B9J09_RS01410	B9J09_RS01410
B9J09_RS01415	B9J09_RS01415
B9J09_RS01420	B9J09_RS01420
B9J09_RS01425	B9J09_RS01425
B9J09_RS01430	B9J09_RS01430
B9J09_RS01435	B9J09_RS01435
B9J09_RS01440	B9J09_RS01440
B9J09_RS01445	B9J09_RS01445
B9J09_RS01450	B9J09_RS01450
B9J09_RS01455	B9J09_RS01455
B9J09_RS01460	B9J09_RS01460
B9J09_RS01465	B9J09_RS01465
B9J09_RS01470	B9J09_RS01470
B9J09_RS01475	B9J09_RS01475
B9J09_RS12810	B9J09_RS12810
B9J09_RS01490	B9J09_RS01490
B9J09_RS12280	B9J09_RS12280
B9J09_RS01495	B9J09_RS01495
B9J09_RS12815	B9J09_RS12815
B9J09_RS12285	B9J09_RS12285
B9J09_RS12820	B9J09_RS12820
B9J09_RS01525	B9J09_RS01525
B9J09_RS01530	B9J09_RS01530
B9J09_RS01535	B9J09_RS01535
B9J09_RS01545	B9J09_RS01545
B9J09_RS01555	B9J09_RS01555
B9J09_RS01560	B9J09_RS01560
B9J09_RS01565	B9J09_RS01565
B9J09_RS01570	B9J09_RS01570
B9J09_RS12565	B9J09_RS12565
B9J09_RS01575	B9J09_RS01575
B9J09_RS01580	B9J09_RS01580
B9J09_RS01585	B9J09_RS01585
B9J09_RS01595	B9J09_RS01595
B9J09_RS01600	B9J09_RS01600
B9J09_RS01605	B9J09_RS01605
B9J09_RS01610	B9J09_RS01610
B9J09_RS01615	B9J09_RS01615
B9J09_RS01625	B9J09_RS01625
B9J09_RS01630	B9J09_RS01630
B9J09_RS01635	B9J09_RS01635
B9J09_RS01640	B9J09_RS01640
B9J09_RS01645	B9J09_RS01645
B9J09_RS01650	B9J09_RS01650
B9J09_RS01655	B9J09_RS01655
B9J09_RS01660	B9J09_RS01660
B9J09_RS01665	B9J09_RS01665
B9J09_RS01670	B9J09_RS01670
B9J09_RS01675	B9J09_RS01675
B9J09_RS01680	B9J09_RS01680
B9J09_RS12290	B9J09_RS12290
B9J09_RS01685	B9J09_RS01685
B9J09_RS01690	B9J09_RS01690
B9J09_RS01695	B9J09_RS01695
B9J09_RS01700	B9J09_RS01700
B9J09_RS01710	B9J09_RS01710
B9J09_RS01725	B9J09_RS01725
B9J09_RS01730	B9J09_RS01730
B9J09_RS01735	B9J09_RS01735
B9J09_RS01745	B9J09_RS01745
B9J09_RS01750	B9J09_RS01750
B9J09_RS12825	B9J09_RS12825
B9J09_RS01765	B9J09_RS01765
B9J09_RS12295	B9J09_RS12295
B9J09_RS01770	B9J09_RS01770
B9J09_RS01775	B9J09_RS01775
B9J09_RS01780	B9J09_RS01780
B9J09_RS01785	B9J09_RS01785
B9J09_RS01790	B9J09_RS01790
B9J09_RS01795	B9J09_RS01795
B9J09_RS13280	B9J09_RS13280
B9J09_RS01800	B9J09_RS01800
B9J09_RS01805	B9J09_RS01805
B9J09_RS01810	B9J09_RS01810
B9J09_RS01820	B9J09_RS01820
B9J09_RS01825	B9J09_RS01825
B9J09_RS01830	B9J09_RS01830
B9J09_RS01840	B9J09_RS01840
B9J09_RS01845	B9J09_RS01845
B9J09_RS01850	B9J09_RS01850
B9J09_RS01855	B9J09_RS01855
B9J09_RS01860	B9J09_RS01860
B9J09_RS01865	B9J09_RS01865
B9J09_RS12300	B9J09_RS12300
B9J09_RS01875	B9J09_RS01875
B9J09_RS01880	B9J09_RS01880
B9J09_RS01890	B9J09_RS01890
B9J09_RS01895	B9J09_RS01895
B9J09_RS01900	B9J09_RS01900
B9J09_RS01905	B9J09_RS01905
B9J09_RS01910	B9J09_RS01910
B9J09_RS01915	B9J09_RS01915
B9J09_RS01920	B9J09_RS01920
B9J09_RS01925	B9J09_RS01925
B9J09_RS01930	B9J09_RS01930
B9J09_RS01935	B9J09_RS01935
B9J09_RS01940	B9J09_RS01940
B9J09_RS12310	B9J09_RS12310
B9J09_RS01955	B9J09_RS01955
B9J09_RS01960	B9J09_RS01960
B9J09_RS01965	B9J09_RS01965
B9J09_RS01970	B9J09_RS01970
B9J09_RS01975	B9J09_RS01975
B9J09_RS01980	B9J09_RS01980
B9J09_RS01985	B9J09_RS01985
B9J09_RS01990	B9J09_RS01990
B9J09_RS01995	B9J09_RS01995
B9J09_RS02000	B9J09_RS02000
B9J09_RS02005	B9J09_RS02005
B9J09_RS02015	B9J09_RS02015
B9J09_RS02020	B9J09_RS02020
B9J09_RS02025	B9J09_RS02025
B9J09_RS02030	B9J09_RS02030
B9J09_RS02045	B9J09_RS02045
B9J09_RS02050	B9J09_RS02050
B9J09_RS02055	B9J09_RS02055
B9J09_RS02060	B9J09_RS02060
B9J09_RS02065	B9J09_RS02065
B9J09_RS02070	B9J09_RS02070
B9J09_RS02075	B9J09_RS02075
B9J09_RS02080	B9J09_RS02080
B9J09_RS12830	B9J09_RS12830
B9J09_RS02100	B9J09_RS02100
B9J09_RS02105	B9J09_RS02105
B9J09_RS02110	B9J09_RS02110
B9J09_RS02115	B9J09_RS02115
B9J09_RS02120	B9J09_RS02120
B9J09_RS12835	B9J09_RS12835
B9J09_RS02140	B9J09_RS02140
B9J09_RS02150	B9J09_RS02150
B9J09_RS02155	B9J09_RS02155
B9J09_RS02165	B9J09_RS02165
B9J09_RS02170	B9J09_RS02170
B9J09_RS02175	B9J09_RS02175
B9J09_RS02180	B9J09_RS02180
B9J09_RS02185	B9J09_RS02185
B9J09_RS12575	B9J09_RS12575
B9J09_RS02195	B9J09_RS02195
B9J09_RS02200	B9J09_RS02200
B9J09_RS02205	B9J09_RS02205
B9J09_RS02210	B9J09_RS02210
B9J09_RS02220	B9J09_RS02220
B9J09_RS02225	B9J09_RS02225
B9J09_RS02230	B9J09_RS02230
B9J09_RS02235	B9J09_RS02235
B9J09_RS02240	B9J09_RS02240
B9J09_RS02245	B9J09_RS02245
B9J09_RS02255	B9J09_RS02255
B9J09_RS02265	B9J09_RS02265
B9J09_RS02270	B9J09_RS02270
B9J09_RS12580	B9J09_RS12580
B9J09_RS02280	B9J09_RS02280
B9J09_RS13285	B9J09_RS13285
B9J09_RS02285	B9J09_RS02285
B9J09_RS02290	B9J09_RS02290
B9J09_RS02295	B9J09_RS02295
B9J09_RS02305	B9J09_RS02305
B9J09_RS02310	B9J09_RS02310
B9J09_RS02320	B9J09_RS02320
B9J09_RS02325	B9J09_RS02325
B9J09_RS02330	B9J09_RS02330
B9J09_RS02335	B9J09_RS02335
B9J09_RS02340	B9J09_RS02340
B9J09_RS02345	B9J09_RS02345
B9J09_RS02350	B9J09_RS02350
B9J09_RS02355	B9J09_RS02355
B9J09_RS02360	B9J09_RS02360
B9J09_RS02365	B9J09_RS02365
B9J09_RS02370	B9J09_RS02370
B9J09_RS02375	B9J09_RS02375
B9J09_RS02380	B9J09_RS02380
B9J09_RS02385	B9J09_RS02385
B9J09_RS02390	B9J09_RS02390
B9J09_RS02395	B9J09_RS02395
B9J09_RS02400	B9J09_RS02400
B9J09_RS02405	B9J09_RS02405
B9J09_RS02410	B9J09_RS02410
B9J09_RS02415	B9J09_RS02415
B9J09_RS02420	B9J09_RS02420
B9J09_RS02425	B9J09_RS02425
B9J09_RS02430	B9J09_RS02430
B9J09_RS12850	B9J09_RS12850
B9J09_RS02435	B9J09_RS02435
B9J09_RS02440	B9J09_RS02440
B9J09_RS02445	B9J09_RS02445
B9J09_RS02450	B9J09_RS02450
B9J09_RS02455	B9J09_RS02455
B9J09_RS02460	B9J09_RS02460
B9J09_RS02465	B9J09_RS02465
B9J09_RS02475	B9J09_RS02475
B9J09_RS02480	B9J09_RS02480
B9J09_RS02490	B9J09_RS02490
B9J09_RS02495	B9J09_RS02495
B9J09_RS02510	B9J09_RS02510
B9J09_RS02515	B9J09_RS02515
B9J09_RS02520	B9J09_RS02520
B9J09_RS02530	B9J09_RS02530
B9J09_RS02535	B9J09_RS02535
B9J09_RS02540	B9J09_RS02540
B9J09_RS02545	B9J09_RS02545
B9J09_RS02550	B9J09_RS02550
B9J09_RS02560	B9J09_RS02560
B9J09_RS02570	B9J09_RS02570
B9J09_RS02575	B9J09_RS02575
B9J09_RS02580	B9J09_RS02580
B9J09_RS02585	B9J09_RS02585
B9J09_RS02590	B9J09_RS02590
B9J09_RS02595	B9J09_RS02595
B9J09_RS02605	B9J09_RS02605
B9J09_RS02615	B9J09_RS02615
B9J09_RS02620	B9J09_RS02620
B9J09_RS02625	B9J09_RS02625
B9J09_RS02630	B9J09_RS02630
B9J09_RS02635	B9J09_RS02635
B9J09_RS02640	B9J09_RS02640
B9J09_RS02645	B9J09_RS02645
B9J09_RS02650	B9J09_RS02650
B9J09_RS02665	B9J09_RS02665
B9J09_RS02670	B9J09_RS02670
B9J09_RS02675	B9J09_RS02675
B9J09_RS02680	B9J09_RS02680
B9J09_RS02685	B9J09_RS02685
B9J09_RS02690	B9J09_RS02690
B9J09_RS02695	B9J09_RS02695
B9J09_RS02700	B9J09_RS02700
B9J09_RS02705	B9J09_RS02705
B9J09_RS02710	B9J09_RS02710
B9J09_RS02715	B9J09_RS02715
B9J09_RS02720	B9J09_RS02720
B9J09_RS02725	B9J09_RS02725
B9J09_RS02730	B9J09_RS02730
B9J09_RS02735	B9J09_RS02735
B9J09_RS02740	B9J09_RS02740
B9J09_RS02745	B9J09_RS02745
B9J09_RS02750	B9J09_RS02750
B9J09_RS02755	B9J09_RS02755
B9J09_RS02760	B9J09_RS02760
B9J09_RS02765	B9J09_RS02765
B9J09_RS02770	B9J09_RS02770
B9J09_RS02775	B9J09_RS02775
B9J09_RS02780	B9J09_RS02780
B9J09_RS02785	B9J09_RS02785
B9J09_RS02790	B9J09_RS02790
B9J09_RS02795	B9J09_RS02795
B9J09_RS02800	B9J09_RS02800
B9J09_RS02810	B9J09_RS02810
B9J09_RS02815	B9J09_RS02815
B9J09_RS02820	B9J09_RS02820
B9J09_RS02825	B9J09_RS02825
B9J09_RS02830	B9J09_RS02830
B9J09_RS02835	B9J09_RS02835
B9J09_RS02840	B9J09_RS02840
B9J09_RS02845	B9J09_RS02845
B9J09_RS02850	B9J09_RS02850
B9J09_RS02855	B9J09_RS02855
B9J09_RS02860	B9J09_RS02860
B9J09_RS02865	B9J09_RS02865
B9J09_RS02870	B9J09_RS02870
B9J09_RS02875	B9J09_RS02875
B9J09_RS02880	B9J09_RS02880
B9J09_RS02885	B9J09_RS02885
B9J09_RS02890	B9J09_RS02890
B9J09_RS02895	B9J09_RS02895
B9J09_RS02900	B9J09_RS02900
B9J09_RS02905	B9J09_RS02905
B9J09_RS02910	B9J09_RS02910
B9J09_RS02915	B9J09_RS02915
B9J09_RS12855	B9J09_RS12855
B9J09_RS12860	B9J09_RS12860
B9J09_RS02925	B9J09_RS02925
B9J09_RS02930	B9J09_RS02930
B9J09_RS02935	B9J09_RS02935
B9J09_RS02940	B9J09_RS02940
B9J09_RS02945	B9J09_RS02945
B9J09_RS02950	B9J09_RS02950
B9J09_RS02955	B9J09_RS02955
B9J09_RS02960	B9J09_RS02960
B9J09_RS02965	B9J09_RS02965
B9J09_RS02970	B9J09_RS02970
B9J09_RS02975	B9J09_RS02975
B9J09_RS02985	B9J09_RS02985
B9J09_RS13290	B9J09_RS13290
B9J09_RS02995	B9J09_RS02995
B9J09_RS13295	B9J09_RS13295
B9J09_RS03000	B9J09_RS03000
B9J09_RS12865	B9J09_RS12865
B9J09_RS03005	B9J09_RS03005
B9J09_RS03015	B9J09_RS03015
B9J09_RS03020	B9J09_RS03020
B9J09_RS03025	B9J09_RS03025
B9J09_RS03030	B9J09_RS03030
B9J09_RS03035	B9J09_RS03035
B9J09_RS03040	B9J09_RS03040
B9J09_RS03045	B9J09_RS03045
B9J09_RS03050	B9J09_RS03050
B9J09_RS03055	B9J09_RS03055
B9J09_RS03065	B9J09_RS03065
B9J09_RS03070	B9J09_RS03070
B9J09_RS03075	B9J09_RS03075
B9J09_RS03080	B9J09_RS03080
B9J09_RS03085	B9J09_RS03085
B9J09_RS03090	B9J09_RS03090
B9J09_RS03100	B9J09_RS03100
B9J09_RS03105	B9J09_RS03105
B9J09_RS12870	B9J09_RS12870
B9J09_RS03115	B9J09_RS03115
B9J09_RS03120	B9J09_RS03120
B9J09_RS03130	B9J09_RS03130
B9J09_RS03135	B9J09_RS03135
B9J09_RS03140	B9J09_RS03140
B9J09_RS12585	B9J09_RS12585
B9J09_RS03160	B9J09_RS03160
B9J09_RS03165	B9J09_RS03165
B9J09_RS03170	B9J09_RS03170
B9J09_RS03175	B9J09_RS03175
B9J09_RS03180	B9J09_RS03180
B9J09_RS03185	B9J09_RS03185
B9J09_RS03190	B9J09_RS03190
B9J09_RS03195	B9J09_RS03195
B9J09_RS03200	B9J09_RS03200
B9J09_RS03210	B9J09_RS03210
B9J09_RS03215	B9J09_RS03215
B9J09_RS03220	B9J09_RS03220
B9J09_RS03225	B9J09_RS03225
B9J09_RS03230	B9J09_RS03230
B9J09_RS03235	B9J09_RS03235
B9J09_RS03240	B9J09_RS03240
B9J09_RS03245	B9J09_RS03245
B9J09_RS03250	B9J09_RS03250
B9J09_RS03255	B9J09_RS03255
B9J09_RS03260	B9J09_RS03260
B9J09_RS03265	B9J09_RS03265
B9J09_RS03270	B9J09_RS03270
B9J09_RS03275	B9J09_RS03275
B9J09_RS03280	B9J09_RS03280
B9J09_RS03285	B9J09_RS03285
B9J09_RS03290	B9J09_RS03290
B9J09_RS03295	B9J09_RS03295
B9J09_RS03300	B9J09_RS03300
B9J09_RS03305	B9J09_RS03305
B9J09_RS03310	B9J09_RS03310
B9J09_RS03315	B9J09_RS03315
B9J09_RS12325	B9J09_RS12325
B9J09_RS03325	B9J09_RS03325
B9J09_RS03335	B9J09_RS03335
B9J09_RS03340	B9J09_RS03340
B9J09_RS03345	B9J09_RS03345
B9J09_RS03350	B9J09_RS03350
B9J09_RS03355	B9J09_RS03355
B9J09_RS03360	B9J09_RS03360
B9J09_RS03365	B9J09_RS03365
B9J09_RS03370	B9J09_RS03370
B9J09_RS03375	B9J09_RS03375
B9J09_RS03380	B9J09_RS03380
B9J09_RS03385	B9J09_RS03385
B9J09_RS03395	B9J09_RS03395
B9J09_RS12330	B9J09_RS12330
B9J09_RS12335	B9J09_RS12335
B9J09_RS12875	B9J09_RS12875
B9J09_RS12880	B9J09_RS12880
B9J09_RS12885	B9J09_RS12885
B9J09_RS03420	B9J09_RS03420
B9J09_RS12340	B9J09_RS12340
B9J09_RS03430	B9J09_RS03430
B9J09_RS13300	B9J09_RS13300
B9J09_RS03440	B9J09_RS03440
B9J09_RS03445	B9J09_RS03445
B9J09_RS12120	B9J09_RS12120
B9J09_RS03460	B9J09_RS03460
B9J09_RS03465	B9J09_RS03465
B9J09_RS03470	B9J09_RS03470
B9J09_RS03480	B9J09_RS03480
B9J09_RS03485	B9J09_RS03485
B9J09_RS03490	B9J09_RS03490
B9J09_RS03495	B9J09_RS03495
B9J09_RS03505	B9J09_RS03505
B9J09_RS03510	B9J09_RS03510
B9J09_RS03515	B9J09_RS03515
B9J09_RS03520	B9J09_RS03520
B9J09_RS03525	B9J09_RS03525
B9J09_RS03535	B9J09_RS03535
B9J09_RS03540	B9J09_RS03540
B9J09_RS03545	B9J09_RS03545
B9J09_RS03550	B9J09_RS03550
B9J09_RS03555	B9J09_RS03555
B9J09_RS03560	B9J09_RS03560
B9J09_RS03565	B9J09_RS03565
B9J09_RS03570	B9J09_RS03570
B9J09_RS03575	B9J09_RS03575
B9J09_RS03580	B9J09_RS03580
B9J09_RS03585	B9J09_RS03585
B9J09_RS03595	B9J09_RS03595
B9J09_RS03600	B9J09_RS03600
B9J09_RS03610	B9J09_RS03610
B9J09_RS03615	B9J09_RS03615
B9J09_RS03620	B9J09_RS03620
B9J09_RS03625	B9J09_RS03625
B9J09_RS03630	B9J09_RS03630
B9J09_RS12345	B9J09_RS12345
B9J09_RS03635	B9J09_RS03635
B9J09_RS03640	B9J09_RS03640
B9J09_RS03650	B9J09_RS03650
B9J09_RS03655	B9J09_RS03655
B9J09_RS03660	B9J09_RS03660
B9J09_RS03665	B9J09_RS03665
B9J09_RS03670	B9J09_RS03670
B9J09_RS03675	B9J09_RS03675
B9J09_RS03680	B9J09_RS03680
B9J09_RS03685	B9J09_RS03685
B9J09_RS03690	B9J09_RS03690
B9J09_RS03695	B9J09_RS03695
B9J09_RS03700	B9J09_RS03700
B9J09_RS03705	B9J09_RS03705
B9J09_RS03710	B9J09_RS03710
B9J09_RS03715	B9J09_RS03715
B9J09_RS03720	B9J09_RS03720
B9J09_RS03725	B9J09_RS03725
B9J09_RS03730	B9J09_RS03730
B9J09_RS03735	B9J09_RS03735
B9J09_RS03740	B9J09_RS03740
B9J09_RS03745	B9J09_RS03745
B9J09_RS03750	B9J09_RS03750
B9J09_RS03755	B9J09_RS03755
B9J09_RS03760	B9J09_RS03760
B9J09_RS12350	B9J09_RS12350
B9J09_RS03770	B9J09_RS03770
B9J09_RS03780	B9J09_RS03780
B9J09_RS03785	B9J09_RS03785
B9J09_RS03790	B9J09_RS03790
B9J09_RS03795	B9J09_RS03795
B9J09_RS03800	B9J09_RS03800
B9J09_RS03805	B9J09_RS03805
B9J09_RS03810	B9J09_RS03810
B9J09_RS03815	B9J09_RS03815
B9J09_RS03820	B9J09_RS03820
B9J09_RS03825	B9J09_RS03825
B9J09_RS03830	B9J09_RS03830
B9J09_RS03835	B9J09_RS03835
B9J09_RS03840	B9J09_RS03840
B9J09_RS03845	B9J09_RS03845
B9J09_RS03850	B9J09_RS03850
B9J09_RS03855	B9J09_RS03855
B9J09_RS03860	B9J09_RS03860
B9J09_RS03865	B9J09_RS03865
B9J09_RS03870	B9J09_RS03870
B9J09_RS03875	B9J09_RS03875
B9J09_RS03880	B9J09_RS03880
B9J09_RS03885	B9J09_RS03885
B9J09_RS03890	B9J09_RS03890
B9J09_RS03895	B9J09_RS03895
B9J09_RS03900	B9J09_RS03900
B9J09_RS03905	B9J09_RS03905
B9J09_RS03915	B9J09_RS03915
B9J09_RS03920	B9J09_RS03920
B9J09_RS03925	B9J09_RS03925
B9J09_RS03940	B9J09_RS03940
B9J09_RS03945	B9J09_RS03945
B9J09_RS03955	B9J09_RS03955
B9J09_RS03960	B9J09_RS03960
B9J09_RS03970	B9J09_RS03970
B9J09_RS03980	B9J09_RS03980
B9J09_RS03985	B9J09_RS03985
B9J09_RS03990	B9J09_RS03990
B9J09_RS03995	B9J09_RS03995
B9J09_RS12590	B9J09_RS12590
B9J09_RS12125	B9J09_RS12125
B9J09_RS04010	B9J09_RS04010
B9J09_RS04015	B9J09_RS04015
B9J09_RS04020	B9J09_RS04020
B9J09_RS04025	B9J09_RS04025
B9J09_RS04030	B9J09_RS04030
B9J09_RS04035	B9J09_RS04035
B9J09_RS04040	B9J09_RS04040
B9J09_RS04050	B9J09_RS04050
B9J09_RS04055	B9J09_RS04055
B9J09_RS04060	B9J09_RS04060
B9J09_RS04065	B9J09_RS04065
B9J09_RS04070	B9J09_RS04070
B9J09_RS04075	B9J09_RS04075
B9J09_RS04080	B9J09_RS04080
B9J09_RS04085	B9J09_RS04085
B9J09_RS04090	B9J09_RS04090
B9J09_RS04095	B9J09_RS04095
B9J09_RS04100	B9J09_RS04100
B9J09_RS04110	B9J09_RS04110
B9J09_RS04115	B9J09_RS04115
B9J09_RS04120	B9J09_RS04120
B9J09_RS04130	B9J09_RS04130
B9J09_RS04135	B9J09_RS04135
B9J09_RS04140	B9J09_RS04140
B9J09_RS04145	B9J09_RS04145
B9J09_RS04150	B9J09_RS04150
B9J09_RS04155	B9J09_RS04155
B9J09_RS04160	B9J09_RS04160
B9J09_RS04165	B9J09_RS04165
B9J09_RS04170	B9J09_RS04170
B9J09_RS04175	B9J09_RS04175
B9J09_RS04180	B9J09_RS04180
B9J09_RS04190	B9J09_RS04190
B9J09_RS04195	B9J09_RS04195
B9J09_RS04200	B9J09_RS04200
B9J09_RS04205	B9J09_RS04205
B9J09_RS04215	B9J09_RS04215
B9J09_RS13310	B9J09_RS13310
B9J09_RS04230	B9J09_RS04230
B9J09_RS12595	B9J09_RS12595
B9J09_RS04245	B9J09_RS04245
B9J09_RS04250	B9J09_RS04250
B9J09_RS04255	B9J09_RS04255
B9J09_RS04260	B9J09_RS04260
B9J09_RS04265	B9J09_RS04265
B9J09_RS04270	B9J09_RS04270
B9J09_RS12935	B9J09_RS12935
B9J09_RS04280	B9J09_RS04280
B9J09_RS04285	B9J09_RS04285
B9J09_RS13405	B9J09_RS13405
B9J09_RS04290	B9J09_RS04290
B9J09_RS04295	B9J09_RS04295
B9J09_RS04300	B9J09_RS04300
B9J09_RS04305	B9J09_RS04305
B9J09_RS04310	B9J09_RS04310
B9J09_RS04320	B9J09_RS04320
B9J09_RS04325	B9J09_RS04325
B9J09_RS04330	B9J09_RS04330
B9J09_RS04335	B9J09_RS04335
B9J09_RS12355	B9J09_RS12355
B9J09_RS04360	B9J09_RS04360
B9J09_RS04365	B9J09_RS04365
B9J09_RS04370	B9J09_RS04370
B9J09_RS04380	B9J09_RS04380
B9J09_RS04385	B9J09_RS04385
B9J09_RS04390	B9J09_RS04390
B9J09_RS13410	B9J09_RS13410
B9J09_RS04405	B9J09_RS04405
B9J09_RS04410	B9J09_RS04410
B9J09_RS04415	B9J09_RS04415
B9J09_RS04420	B9J09_RS04420
B9J09_RS04430	B9J09_RS04430
B9J09_RS04435	B9J09_RS04435
B9J09_RS04440	B9J09_RS04440
B9J09_RS04445	B9J09_RS04445
B9J09_RS04455	B9J09_RS04455
B9J09_RS04460	B9J09_RS04460
B9J09_RS04465	B9J09_RS04465
B9J09_RS04470	B9J09_RS04470
B9J09_RS04475	B9J09_RS04475
B9J09_RS04480	B9J09_RS04480
B9J09_RS04485	B9J09_RS04485
B9J09_RS04490	B9J09_RS04490
B9J09_RS04500	B9J09_RS04500
B9J09_RS04510	B9J09_RS04510
B9J09_RS04515	B9J09_RS04515
B9J09_RS04525	B9J09_RS04525
B9J09_RS04530	B9J09_RS04530
B9J09_RS12945	B9J09_RS12945
B9J09_RS12950	B9J09_RS12950
B9J09_RS04545	B9J09_RS04545
B9J09_RS04550	B9J09_RS04550
B9J09_RS04555	B9J09_RS04555
B9J09_RS04560	B9J09_RS04560
B9J09_RS04565	B9J09_RS04565
B9J09_RS04580	B9J09_RS04580
B9J09_RS04585	B9J09_RS04585
B9J09_RS04590	B9J09_RS04590
B9J09_RS12955	B9J09_RS12955
B9J09_RS12960	B9J09_RS12960
B9J09_RS13315	B9J09_RS13315
B9J09_RS04605	B9J09_RS04605
B9J09_RS04610	B9J09_RS04610
B9J09_RS04615	B9J09_RS04615
B9J09_RS04620	B9J09_RS04620
B9J09_RS04625	B9J09_RS04625
B9J09_RS04635	B9J09_RS04635
B9J09_RS04640	B9J09_RS04640
B9J09_RS04645	B9J09_RS04645
B9J09_RS04650	B9J09_RS04650
B9J09_RS04655	B9J09_RS04655
B9J09_RS04660	B9J09_RS04660
B9J09_RS04665	B9J09_RS04665
B9J09_RS13320	B9J09_RS13320
B9J09_RS12135	B9J09_RS12135
B9J09_RS12365	B9J09_RS12365
B9J09_RS04675	B9J09_RS04675
B9J09_RS04680	B9J09_RS04680
B9J09_RS04685	B9J09_RS04685
B9J09_RS04690	B9J09_RS04690
B9J09_RS04695	B9J09_RS04695
B9J09_RS04700	B9J09_RS04700
B9J09_RS04705	B9J09_RS04705
B9J09_RS04710	B9J09_RS04710
B9J09_RS04720	B9J09_RS04720
B9J09_RS04725	B9J09_RS04725
B9J09_RS04730	B9J09_RS04730
B9J09_RS04735	B9J09_RS04735
B9J09_RS04740	B9J09_RS04740
B9J09_RS12965	B9J09_RS12965
B9J09_RS04745	B9J09_RS04745
B9J09_RS04750	B9J09_RS04750
B9J09_RS04755	B9J09_RS04755
B9J09_RS04760	B9J09_RS04760
B9J09_RS04765	B9J09_RS04765
B9J09_RS04770	B9J09_RS04770
B9J09_RS04775	B9J09_RS04775
B9J09_RS04780	B9J09_RS04780
B9J09_RS04785	B9J09_RS04785
B9J09_RS12970	B9J09_RS12970
B9J09_RS04795	B9J09_RS04795
B9J09_RS04800	B9J09_RS04800
B9J09_RS12975	B9J09_RS12975
B9J09_RS04815	B9J09_RS04815
B9J09_RS04820	B9J09_RS04820
B9J09_RS04825	B9J09_RS04825
B9J09_RS04830	B9J09_RS04830
B9J09_RS04835	B9J09_RS04835
B9J09_RS04840	B9J09_RS04840
B9J09_RS04845	B9J09_RS04845
B9J09_RS04850	B9J09_RS04850
B9J09_RS04865	B9J09_RS04865
B9J09_RS04870	B9J09_RS04870
B9J09_RS04875	B9J09_RS04875
B9J09_RS04880	B9J09_RS04880
B9J09_RS04885	B9J09_RS04885
B9J09_RS04890	B9J09_RS04890
B9J09_RS04895	B9J09_RS04895
B9J09_RS04900	B9J09_RS04900
B9J09_RS04905	B9J09_RS04905
B9J09_RS04910	B9J09_RS04910
B9J09_RS04915	B9J09_RS04915
B9J09_RS04920	B9J09_RS04920
B9J09_RS04925	B9J09_RS04925
B9J09_RS13420	B9J09_RS13420
B9J09_RS04935	B9J09_RS04935
B9J09_RS04940	B9J09_RS04940
B9J09_RS04945	B9J09_RS04945
B9J09_RS04950	B9J09_RS04950
B9J09_RS04955	B9J09_RS04955
B9J09_RS04960	B9J09_RS04960
B9J09_RS04970	B9J09_RS04970
B9J09_RS04975	B9J09_RS04975
B9J09_RS04980	B9J09_RS04980
B9J09_RS04985	B9J09_RS04985
B9J09_RS04990	B9J09_RS04990
B9J09_RS04995	B9J09_RS04995
B9J09_RS05000	B9J09_RS05000
B9J09_RS12370	B9J09_RS12370
B9J09_RS12610	B9J09_RS12610
B9J09_RS13325	B9J09_RS13325
B9J09_RS12620	B9J09_RS12620
B9J09_RS05035	B9J09_RS05035
B9J09_RS12625	B9J09_RS12625
B9J09_RS05055	B9J09_RS05055
B9J09_RS05060	B9J09_RS05060
B9J09_RS05065	B9J09_RS05065
B9J09_RS05075	B9J09_RS05075
B9J09_RS05080	B9J09_RS05080
B9J09_RS05085	B9J09_RS05085
B9J09_RS05090	B9J09_RS05090
B9J09_RS05095	B9J09_RS05095
B9J09_RS12630	B9J09_RS12630
B9J09_RS05100	B9J09_RS05100
B9J09_RS05105	B9J09_RS05105
B9J09_RS05110	B9J09_RS05110
B9J09_RS05115	B9J09_RS05115
B9J09_RS05120	B9J09_RS05120
B9J09_RS05125	B9J09_RS05125
B9J09_RS05130	B9J09_RS05130
B9J09_RS05135	B9J09_RS05135
B9J09_RS05140	B9J09_RS05140
B9J09_RS05145	B9J09_RS05145
B9J09_RS05150	B9J09_RS05150
B9J09_RS05155	B9J09_RS05155
B9J09_RS05160	B9J09_RS05160
B9J09_RS05165	B9J09_RS05165
B9J09_RS05170	B9J09_RS05170
B9J09_RS05175	B9J09_RS05175
B9J09_RS05180	B9J09_RS05180
B9J09_RS05185	B9J09_RS05185
B9J09_RS05190	B9J09_RS05190
B9J09_RS05195	B9J09_RS05195
B9J09_RS05200	B9J09_RS05200
B9J09_RS05205	B9J09_RS05205
B9J09_RS05210	B9J09_RS05210
B9J09_RS05215	B9J09_RS05215
B9J09_RS05220	B9J09_RS05220
B9J09_RS05225	B9J09_RS05225
B9J09_RS05235	B9J09_RS05235
B9J09_RS05240	B9J09_RS05240
B9J09_RS05245	B9J09_RS05245
B9J09_RS05250	B9J09_RS05250
B9J09_RS05260	B9J09_RS05260
B9J09_RS05265	B9J09_RS05265
B9J09_RS05270	B9J09_RS05270
B9J09_RS05285	B9J09_RS05285
B9J09_RS05290	B9J09_RS05290
B9J09_RS05295	B9J09_RS05295
B9J09_RS05300	B9J09_RS05300
B9J09_RS05305	B9J09_RS05305
B9J09_RS05310	B9J09_RS05310
B9J09_RS05315	B9J09_RS05315
B9J09_RS05320	B9J09_RS05320
B9J09_RS05325	B9J09_RS05325
B9J09_RS05330	B9J09_RS05330
B9J09_RS05335	B9J09_RS05335
B9J09_RS05340	B9J09_RS05340
B9J09_RS05345	B9J09_RS05345
B9J09_RS05350	B9J09_RS05350
B9J09_RS05365	B9J09_RS05365
B9J09_RS05370	B9J09_RS05370
B9J09_RS05375	B9J09_RS05375
B9J09_RS05380	B9J09_RS05380
B9J09_RS05385	B9J09_RS05385
B9J09_RS05390	B9J09_RS05390
B9J09_RS05395	B9J09_RS05395
B9J09_RS05400	B9J09_RS05400
B9J09_RS05405	B9J09_RS05405
B9J09_RS05410	B9J09_RS05410
B9J09_RS05415	B9J09_RS05415
B9J09_RS05420	B9J09_RS05420
B9J09_RS05425	B9J09_RS05425
B9J09_RS05440	B9J09_RS05440
B9J09_RS05445	B9J09_RS05445
B9J09_RS05450	B9J09_RS05450
B9J09_RS05455	B9J09_RS05455
B9J09_RS05460	B9J09_RS05460
B9J09_RS05465	B9J09_RS05465
B9J09_RS05470	B9J09_RS05470
B9J09_RS05475	B9J09_RS05475
B9J09_RS05480	B9J09_RS05480
B9J09_RS05485	B9J09_RS05485
B9J09_RS05490	B9J09_RS05490
B9J09_RS05495	B9J09_RS05495
B9J09_RS05500	B9J09_RS05500
B9J09_RS05515	B9J09_RS05515
B9J09_RS05520	B9J09_RS05520
B9J09_RS05525	B9J09_RS05525
B9J09_RS05530	B9J09_RS05530
B9J09_RS05535	B9J09_RS05535
B9J09_RS05540	B9J09_RS05540
B9J09_RS05545	B9J09_RS05545
B9J09_RS05550	B9J09_RS05550
B9J09_RS05555	B9J09_RS05555
B9J09_RS05560	B9J09_RS05560
B9J09_RS05565	B9J09_RS05565
B9J09_RS13425	B9J09_RS13425
B9J09_RS13430	B9J09_RS13430
B9J09_RS05575	B9J09_RS05575
B9J09_RS05580	B9J09_RS05580
B9J09_RS05590	B9J09_RS05590
B9J09_RS05595	B9J09_RS05595
B9J09_RS05605	B9J09_RS05605
B9J09_RS05615	B9J09_RS05615
B9J09_RS05620	B9J09_RS05620
B9J09_RS05625	B9J09_RS05625
B9J09_RS05630	B9J09_RS05630
B9J09_RS05635	B9J09_RS05635
B9J09_RS05640	B9J09_RS05640
B9J09_RS12990	B9J09_RS12990
B9J09_RS05645	B9J09_RS05645
B9J09_RS05650	B9J09_RS05650
B9J09_RS05665	B9J09_RS05665
B9J09_RS05670	B9J09_RS05670
B9J09_RS05675	B9J09_RS05675
B9J09_RS05680	B9J09_RS05680
B9J09_RS12380	B9J09_RS12380
B9J09_RS05695	B9J09_RS05695
B9J09_RS13000	B9J09_RS13000
B9J09_RS05710	B9J09_RS05710
B9J09_RS05715	B9J09_RS05715
B9J09_RS05720	B9J09_RS05720
B9J09_RS05725	B9J09_RS05725
B9J09_RS05730	B9J09_RS05730
B9J09_RS05735	B9J09_RS05735
B9J09_RS05740	B9J09_RS05740
B9J09_RS05745	B9J09_RS05745
B9J09_RS05750	B9J09_RS05750
B9J09_RS05755	B9J09_RS05755
B9J09_RS05760	B9J09_RS05760
B9J09_RS05765	B9J09_RS05765
B9J09_RS05770	B9J09_RS05770
B9J09_RS05775	B9J09_RS05775
B9J09_RS05780	B9J09_RS05780
B9J09_RS05785	B9J09_RS05785
B9J09_RS05790	B9J09_RS05790
B9J09_RS05795	B9J09_RS05795
B9J09_RS05800	B9J09_RS05800
B9J09_RS05805	B9J09_RS05805
B9J09_RS05810	B9J09_RS05810
B9J09_RS05815	B9J09_RS05815
B9J09_RS05825	B9J09_RS05825
B9J09_RS05830	B9J09_RS05830
B9J09_RS05835	B9J09_RS05835
B9J09_RS05840	B9J09_RS05840
B9J09_RS05845	B9J09_RS05845
B9J09_RS05850	B9J09_RS05850
B9J09_RS05855	B9J09_RS05855
B9J09_RS05860	B9J09_RS05860
B9J09_RS12390	B9J09_RS12390
B9J09_RS05870	B9J09_RS05870
B9J09_RS05875	B9J09_RS05875
B9J09_RS05880	B9J09_RS05880
B9J09_RS05885	B9J09_RS05885
B9J09_RS05890	B9J09_RS05890
B9J09_RS05895	B9J09_RS05895
B9J09_RS05900	B9J09_RS05900
B9J09_RS05905	B9J09_RS05905
B9J09_RS05910	B9J09_RS05910
B9J09_RS05915	B9J09_RS05915
B9J09_RS05920	B9J09_RS05920
B9J09_RS05925	B9J09_RS05925
B9J09_RS05930	B9J09_RS05930
B9J09_RS05935	B9J09_RS05935
B9J09_RS05940	B9J09_RS05940
B9J09_RS05945	B9J09_RS05945
B9J09_RS05950	B9J09_RS05950
B9J09_RS05955	B9J09_RS05955
B9J09_RS05965	B9J09_RS05965
B9J09_RS05970	B9J09_RS05970
B9J09_RS05975	B9J09_RS05975
B9J09_RS05980	B9J09_RS05980
B9J09_RS05985	B9J09_RS05985
B9J09_RS12395	B9J09_RS12395
B9J09_RS05990	B9J09_RS05990
B9J09_RS05995	B9J09_RS05995
B9J09_RS06000	B9J09_RS06000
B9J09_RS06005	B9J09_RS06005
B9J09_RS06010	B9J09_RS06010
B9J09_RS06015	B9J09_RS06015
B9J09_RS06020	B9J09_RS06020
B9J09_RS06025	B9J09_RS06025
B9J09_RS06030	B9J09_RS06030
B9J09_RS06035	B9J09_RS06035
B9J09_RS06040	B9J09_RS06040
B9J09_RS06045	B9J09_RS06045
B9J09_RS06050	B9J09_RS06050
B9J09_RS06055	B9J09_RS06055
B9J09_RS06060	B9J09_RS06060
B9J09_RS06065	B9J09_RS06065
B9J09_RS06070	B9J09_RS06070
B9J09_RS06075	B9J09_RS06075
B9J09_RS06080	B9J09_RS06080
B9J09_RS06085	B9J09_RS06085
B9J09_RS06090	B9J09_RS06090
B9J09_RS06095	B9J09_RS06095
B9J09_RS06100	B9J09_RS06100
B9J09_RS06105	B9J09_RS06105
B9J09_RS06110	B9J09_RS06110
B9J09_RS06115	B9J09_RS06115
B9J09_RS06120	B9J09_RS06120
B9J09_RS06125	B9J09_RS06125
B9J09_RS06130	B9J09_RS06130
B9J09_RS06135	B9J09_RS06135
B9J09_RS06140	B9J09_RS06140
B9J09_RS13005	B9J09_RS13005
B9J09_RS13010	B9J09_RS13010
B9J09_RS06155	B9J09_RS06155
B9J09_RS06160	B9J09_RS06160
B9J09_RS06165	B9J09_RS06165
B9J09_RS06170	B9J09_RS06170
B9J09_RS06175	B9J09_RS06175
B9J09_RS06180	B9J09_RS06180
B9J09_RS06185	B9J09_RS06185
B9J09_RS06190	B9J09_RS06190
B9J09_RS06195	B9J09_RS06195
B9J09_RS06200	B9J09_RS06200
B9J09_RS06205	B9J09_RS06205
B9J09_RS06210	B9J09_RS06210
B9J09_RS06220	B9J09_RS06220
B9J09_RS06225	B9J09_RS06225
B9J09_RS06230	B9J09_RS06230
B9J09_RS06240	B9J09_RS06240
B9J09_RS06245	B9J09_RS06245
B9J09_RS06250	B9J09_RS06250
B9J09_RS06255	B9J09_RS06255
B9J09_RS06260	B9J09_RS06260
B9J09_RS06270	B9J09_RS06270
B9J09_RS06275	B9J09_RS06275
B9J09_RS06280	B9J09_RS06280
B9J09_RS06285	B9J09_RS06285
B9J09_RS06290	B9J09_RS06290
B9J09_RS06295	B9J09_RS06295
B9J09_RS06300	B9J09_RS06300
B9J09_RS06305	B9J09_RS06305
B9J09_RS06310	B9J09_RS06310
B9J09_RS06315	B9J09_RS06315
B9J09_RS06320	B9J09_RS06320
B9J09_RS06325	B9J09_RS06325
B9J09_RS06330	B9J09_RS06330
B9J09_RS06335	B9J09_RS06335
B9J09_RS06340	B9J09_RS06340
B9J09_RS06345	B9J09_RS06345
B9J09_RS06350	B9J09_RS06350
B9J09_RS12635	B9J09_RS12635
B9J09_RS06355	B9J09_RS06355
B9J09_RS06360	B9J09_RS06360
B9J09_RS06365	B9J09_RS06365
B9J09_RS06370	B9J09_RS06370
B9J09_RS06375	B9J09_RS06375
B9J09_RS06380	B9J09_RS06380
B9J09_RS06385	B9J09_RS06385
B9J09_RS06390	B9J09_RS06390
B9J09_RS06395	B9J09_RS06395
B9J09_RS06400	B9J09_RS06400
B9J09_RS06405	B9J09_RS06405
B9J09_RS06410	B9J09_RS06410
B9J09_RS06415	B9J09_RS06415
B9J09_RS06420	B9J09_RS06420
B9J09_RS06425	B9J09_RS06425
B9J09_RS06430	B9J09_RS06430
B9J09_RS06435	B9J09_RS06435
B9J09_RS06440	B9J09_RS06440
B9J09_RS06445	B9J09_RS06445
B9J09_RS06450	B9J09_RS06450
B9J09_RS06455	B9J09_RS06455
B9J09_RS06460	B9J09_RS06460
B9J09_RS06465	B9J09_RS06465
B9J09_RS06470	B9J09_RS06470
B9J09_RS06475	B9J09_RS06475
B9J09_RS06480	B9J09_RS06480
B9J09_RS06485	B9J09_RS06485
B9J09_RS06490	B9J09_RS06490
B9J09_RS06495	B9J09_RS06495
B9J09_RS06500	B9J09_RS06500
B9J09_RS06505	B9J09_RS06505
B9J09_RS06510	B9J09_RS06510
B9J09_RS06520	B9J09_RS06520
B9J09_RS06525	B9J09_RS06525
B9J09_RS06530	B9J09_RS06530
B9J09_RS13330	B9J09_RS13330
B9J09_RS12405	B9J09_RS12405
B9J09_RS12170	B9J09_RS12170
B9J09_RS06545	B9J09_RS06545
B9J09_RS06550	B9J09_RS06550
B9J09_RS06555	B9J09_RS06555
B9J09_RS06560	B9J09_RS06560
B9J09_RS13015	B9J09_RS13015
B9J09_RS06570	B9J09_RS06570
B9J09_RS06575	B9J09_RS06575
B9J09_RS06580	B9J09_RS06580
B9J09_RS06585	B9J09_RS06585
B9J09_RS06590	B9J09_RS06590
B9J09_RS06595	B9J09_RS06595
B9J09_RS06600	B9J09_RS06600
B9J09_RS06605	B9J09_RS06605
B9J09_RS06610	B9J09_RS06610
B9J09_RS06615	B9J09_RS06615
B9J09_RS06620	B9J09_RS06620
B9J09_RS06625	B9J09_RS06625
B9J09_RS06630	B9J09_RS06630
B9J09_RS06635	B9J09_RS06635
B9J09_RS06640	B9J09_RS06640
B9J09_RS06645	B9J09_RS06645
B9J09_RS06650	B9J09_RS06650
B9J09_RS06660	B9J09_RS06660
B9J09_RS06665	B9J09_RS06665
B9J09_RS06670	B9J09_RS06670
B9J09_RS06680	B9J09_RS06680
B9J09_RS06685	B9J09_RS06685
B9J09_RS06690	B9J09_RS06690
B9J09_RS06695	B9J09_RS06695
B9J09_RS06700	B9J09_RS06700
B9J09_RS06710	B9J09_RS06710
B9J09_RS06715	B9J09_RS06715
B9J09_RS06720	B9J09_RS06720
B9J09_RS06725	B9J09_RS06725
B9J09_RS06730	B9J09_RS06730
B9J09_RS06735	B9J09_RS06735
B9J09_RS06740	B9J09_RS06740
B9J09_RS06745	B9J09_RS06745
B9J09_RS06750	B9J09_RS06750
B9J09_RS13335	B9J09_RS13335
B9J09_RS06765	B9J09_RS06765
B9J09_RS06770	B9J09_RS06770
B9J09_RS06775	B9J09_RS06775
B9J09_RS06780	B9J09_RS06780
B9J09_RS06785	B9J09_RS06785
B9J09_RS06790	B9J09_RS06790
B9J09_RS06795	B9J09_RS06795
B9J09_RS06800	B9J09_RS06800
B9J09_RS06805	B9J09_RS06805
B9J09_RS12410	B9J09_RS12410
B9J09_RS06815	B9J09_RS06815
B9J09_RS06820	B9J09_RS06820
B9J09_RS06825	B9J09_RS06825
B9J09_RS13020	B9J09_RS13020
B9J09_RS13025	B9J09_RS13025
B9J09_RS06835	B9J09_RS06835
B9J09_RS06840	B9J09_RS06840
B9J09_RS06845	B9J09_RS06845
B9J09_RS06850	B9J09_RS06850
B9J09_RS06855	B9J09_RS06855
B9J09_RS06860	B9J09_RS06860
B9J09_RS06865	B9J09_RS06865
B9J09_RS06870	B9J09_RS06870
B9J09_RS06875	B9J09_RS06875
B9J09_RS06880	B9J09_RS06880
B9J09_RS06885	B9J09_RS06885
B9J09_RS06890	B9J09_RS06890
B9J09_RS06895	B9J09_RS06895
B9J09_RS06900	B9J09_RS06900
B9J09_RS06905	B9J09_RS06905
B9J09_RS06910	B9J09_RS06910
B9J09_RS06915	B9J09_RS06915
B9J09_RS06920	B9J09_RS06920
B9J09_RS06925	B9J09_RS06925
B9J09_RS06930	B9J09_RS06930
B9J09_RS06935	B9J09_RS06935
B9J09_RS12640	B9J09_RS12640
B9J09_RS06940	B9J09_RS06940
B9J09_RS06945	B9J09_RS06945
B9J09_RS06950	B9J09_RS06950
B9J09_RS06955	B9J09_RS06955
B9J09_RS06960	B9J09_RS06960
B9J09_RS06965	B9J09_RS06965
B9J09_RS06970	B9J09_RS06970
B9J09_RS06975	B9J09_RS06975
B9J09_RS06980	B9J09_RS06980
B9J09_RS06985	B9J09_RS06985
B9J09_RS06990	B9J09_RS06990
B9J09_RS06995	B9J09_RS06995
B9J09_RS07000	B9J09_RS07000
B9J09_RS07005	B9J09_RS07005
B9J09_RS07010	B9J09_RS07010
B9J09_RS07015	B9J09_RS07015
B9J09_RS07020	B9J09_RS07020
B9J09_RS07025	B9J09_RS07025
B9J09_RS07030	B9J09_RS07030
B9J09_RS07035	B9J09_RS07035
B9J09_RS07040	B9J09_RS07040
B9J09_RS07045	B9J09_RS07045
B9J09_RS07050	B9J09_RS07050
B9J09_RS07055	B9J09_RS07055
B9J09_RS07060	B9J09_RS07060
B9J09_RS07065	B9J09_RS07065
B9J09_RS07080	B9J09_RS07080
B9J09_RS07085	B9J09_RS07085
B9J09_RS07090	B9J09_RS07090
B9J09_RS07095	B9J09_RS07095
B9J09_RS07100	B9J09_RS07100
B9J09_RS07105	B9J09_RS07105
B9J09_RS07110	B9J09_RS07110
B9J09_RS07115	B9J09_RS07115
B9J09_RS07120	B9J09_RS07120
B9J09_RS07125	B9J09_RS07125
B9J09_RS07130	B9J09_RS07130
B9J09_RS07135	B9J09_RS07135
B9J09_RS12645	B9J09_RS12645
B9J09_RS07145	B9J09_RS07145
B9J09_RS07150	B9J09_RS07150
B9J09_RS07155	B9J09_RS07155
B9J09_RS07160	B9J09_RS07160
B9J09_RS07165	B9J09_RS07165
B9J09_RS07170	B9J09_RS07170
B9J09_RS07175	B9J09_RS07175
B9J09_RS07180	B9J09_RS07180
B9J09_RS07185	B9J09_RS07185
B9J09_RS07190	B9J09_RS07190
B9J09_RS07195	B9J09_RS07195
B9J09_RS07200	B9J09_RS07200
B9J09_RS07210	B9J09_RS07210
B9J09_RS07215	B9J09_RS07215
B9J09_RS07220	B9J09_RS07220
B9J09_RS07225	B9J09_RS07225
B9J09_RS07230	B9J09_RS07230
B9J09_RS07235	B9J09_RS07235
B9J09_RS07240	B9J09_RS07240
B9J09_RS07245	B9J09_RS07245
B9J09_RS07250	B9J09_RS07250
B9J09_RS07255	B9J09_RS07255
B9J09_RS07260	B9J09_RS07260
B9J09_RS07265	B9J09_RS07265
B9J09_RS07270	B9J09_RS07270
B9J09_RS07275	B9J09_RS07275
B9J09_RS07285	B9J09_RS07285
B9J09_RS07290	B9J09_RS07290
B9J09_RS07295	B9J09_RS07295
B9J09_RS07300	B9J09_RS07300
B9J09_RS07305	B9J09_RS07305
B9J09_RS07310	B9J09_RS07310
B9J09_RS07315	B9J09_RS07315
B9J09_RS07320	B9J09_RS07320
B9J09_RS07325	B9J09_RS07325
B9J09_RS07330	B9J09_RS07330
B9J09_RS07335	B9J09_RS07335
B9J09_RS07340	B9J09_RS07340
B9J09_RS07345	B9J09_RS07345
B9J09_RS07350	B9J09_RS07350
B9J09_RS07355	B9J09_RS07355
B9J09_RS07360	B9J09_RS07360
B9J09_RS07365	B9J09_RS07365
B9J09_RS07370	B9J09_RS07370
B9J09_RS07375	B9J09_RS07375
B9J09_RS07380	B9J09_RS07380
B9J09_RS07385	B9J09_RS07385
B9J09_RS07390	B9J09_RS07390
B9J09_RS07395	B9J09_RS07395
B9J09_RS07400	B9J09_RS07400
B9J09_RS07405	B9J09_RS07405
B9J09_RS07410	B9J09_RS07410
B9J09_RS07415	B9J09_RS07415
B9J09_RS07420	B9J09_RS07420
B9J09_RS07425	B9J09_RS07425
B9J09_RS07430	B9J09_RS07430
B9J09_RS07435	B9J09_RS07435
B9J09_RS07440	B9J09_RS07440
B9J09_RS07445	B9J09_RS07445
B9J09_RS07450	B9J09_RS07450
B9J09_RS07455	B9J09_RS07455
B9J09_RS07460	B9J09_RS07460
B9J09_RS07465	B9J09_RS07465
B9J09_RS07470	B9J09_RS07470
B9J09_RS07475	B9J09_RS07475
B9J09_RS07480	B9J09_RS07480
B9J09_RS07485	B9J09_RS07485
B9J09_RS07490	B9J09_RS07490
B9J09_RS07495	B9J09_RS07495
B9J09_RS07500	B9J09_RS07500
B9J09_RS07505	B9J09_RS07505
B9J09_RS07510	B9J09_RS07510
B9J09_RS07515	B9J09_RS07515
B9J09_RS07520	B9J09_RS07520
B9J09_RS07525	B9J09_RS07525
B9J09_RS07530	B9J09_RS07530
B9J09_RS07535	B9J09_RS07535
B9J09_RS07540	B9J09_RS07540
B9J09_RS07545	B9J09_RS07545
B9J09_RS07550	B9J09_RS07550
B9J09_RS07555	B9J09_RS07555
B9J09_RS07560	B9J09_RS07560
B9J09_RS07565	B9J09_RS07565
B9J09_RS07570	B9J09_RS07570
B9J09_RS07575	B9J09_RS07575
B9J09_RS07580	B9J09_RS07580
B9J09_RS07590	B9J09_RS07590
B9J09_RS07595	B9J09_RS07595
B9J09_RS07605	B9J09_RS07605
B9J09_RS07610	B9J09_RS07610
B9J09_RS07615	B9J09_RS07615
B9J09_RS07620	B9J09_RS07620
B9J09_RS07625	B9J09_RS07625
B9J09_RS07630	B9J09_RS07630
B9J09_RS07635	B9J09_RS07635
B9J09_RS07640	B9J09_RS07640
B9J09_RS07645	B9J09_RS07645
B9J09_RS07655	B9J09_RS07655
B9J09_RS13035	B9J09_RS13035
B9J09_RS07660	B9J09_RS07660
B9J09_RS07665	B9J09_RS07665
B9J09_RS07670	B9J09_RS07670
B9J09_RS07675	B9J09_RS07675
B9J09_RS07680	B9J09_RS07680
B9J09_RS07685	B9J09_RS07685
B9J09_RS07690	B9J09_RS07690
B9J09_RS07695	B9J09_RS07695
B9J09_RS07700	B9J09_RS07700
B9J09_RS07705	B9J09_RS07705
B9J09_RS07715	B9J09_RS07715
B9J09_RS07720	B9J09_RS07720
B9J09_RS07730	B9J09_RS07730
B9J09_RS07735	B9J09_RS07735
B9J09_RS07740	B9J09_RS07740
B9J09_RS07745	B9J09_RS07745
B9J09_RS07750	B9J09_RS07750
B9J09_RS07755	B9J09_RS07755
B9J09_RS07760	B9J09_RS07760
B9J09_RS07765	B9J09_RS07765
B9J09_RS07770	B9J09_RS07770
B9J09_RS07775	B9J09_RS07775
B9J09_RS07780	B9J09_RS07780
B9J09_RS07785	B9J09_RS07785
B9J09_RS07795	B9J09_RS07795
B9J09_RS07800	B9J09_RS07800
B9J09_RS07805	B9J09_RS07805
B9J09_RS07810	B9J09_RS07810
B9J09_RS07815	B9J09_RS07815
B9J09_RS07820	B9J09_RS07820
B9J09_RS07825	B9J09_RS07825
B9J09_RS07830	B9J09_RS07830
B9J09_RS07835	B9J09_RS07835
B9J09_RS07840	B9J09_RS07840
B9J09_RS07850	B9J09_RS07850
B9J09_RS07855	B9J09_RS07855
B9J09_RS07860	B9J09_RS07860
B9J09_RS07865	B9J09_RS07865
B9J09_RS07870	B9J09_RS07870
B9J09_RS07875	B9J09_RS07875
B9J09_RS07880	B9J09_RS07880
B9J09_RS07885	B9J09_RS07885
B9J09_RS07890	B9J09_RS07890
B9J09_RS07895	B9J09_RS07895
B9J09_RS07900	B9J09_RS07900
B9J09_RS07905	B9J09_RS07905
B9J09_RS07910	B9J09_RS07910
B9J09_RS07920	B9J09_RS07920
B9J09_RS07925	B9J09_RS07925
B9J09_RS07935	B9J09_RS07935
B9J09_RS07945	B9J09_RS07945
B9J09_RS07950	B9J09_RS07950
B9J09_RS07955	B9J09_RS07955
B9J09_RS07960	B9J09_RS07960
B9J09_RS07965	B9J09_RS07965
B9J09_RS07970	B9J09_RS07970
B9J09_RS07975	B9J09_RS07975
B9J09_RS07980	B9J09_RS07980
B9J09_RS07985	B9J09_RS07985
B9J09_RS07990	B9J09_RS07990
B9J09_RS07995	B9J09_RS07995
B9J09_RS08000	B9J09_RS08000
B9J09_RS08005	B9J09_RS08005
B9J09_RS08015	B9J09_RS08015
B9J09_RS08020	B9J09_RS08020
B9J09_RS08025	B9J09_RS08025
B9J09_RS08030	B9J09_RS08030
B9J09_RS08035	B9J09_RS08035
B9J09_RS08040	B9J09_RS08040
B9J09_RS08045	B9J09_RS08045
B9J09_RS08055	B9J09_RS08055
B9J09_RS08060	B9J09_RS08060
B9J09_RS08070	B9J09_RS08070
B9J09_RS13440	B9J09_RS13440
B9J09_RS08080	B9J09_RS08080
B9J09_RS08085	B9J09_RS08085
B9J09_RS08090	B9J09_RS08090
B9J09_RS08100	B9J09_RS08100
B9J09_RS08110	B9J09_RS08110
B9J09_RS08115	B9J09_RS08115
B9J09_RS08120	B9J09_RS08120
B9J09_RS08125	B9J09_RS08125
B9J09_RS08130	B9J09_RS08130
B9J09_RS08135	B9J09_RS08135
B9J09_RS08140	B9J09_RS08140
B9J09_RS08145	B9J09_RS08145
B9J09_RS08150	B9J09_RS08150
B9J09_RS08155	B9J09_RS08155
B9J09_RS08160	B9J09_RS08160
B9J09_RS08165	B9J09_RS08165
B9J09_RS08175	B9J09_RS08175
B9J09_RS08180	B9J09_RS08180
B9J09_RS08185	B9J09_RS08185
B9J09_RS13040	B9J09_RS13040
B9J09_RS08200	B9J09_RS08200
B9J09_RS08205	B9J09_RS08205
B9J09_RS08210	B9J09_RS08210
B9J09_RS08215	B9J09_RS08215
B9J09_RS08220	B9J09_RS08220
B9J09_RS08225	B9J09_RS08225
B9J09_RS08230	B9J09_RS08230
B9J09_RS08235	B9J09_RS08235
B9J09_RS08240	B9J09_RS08240
B9J09_RS08245	B9J09_RS08245
B9J09_RS08250	B9J09_RS08250
B9J09_RS08255	B9J09_RS08255
B9J09_RS08260	B9J09_RS08260
B9J09_RS08270	B9J09_RS08270
B9J09_RS08275	B9J09_RS08275
B9J09_RS08280	B9J09_RS08280
B9J09_RS08285	B9J09_RS08285
B9J09_RS08290	B9J09_RS08290
B9J09_RS08295	B9J09_RS08295
B9J09_RS13340	B9J09_RS13340
B9J09_RS08305	B9J09_RS08305
B9J09_RS08310	B9J09_RS08310
B9J09_RS08315	B9J09_RS08315
B9J09_RS12650	B9J09_RS12650
B9J09_RS08325	B9J09_RS08325
B9J09_RS12655	B9J09_RS12655
B9J09_RS08330	B9J09_RS08330
B9J09_RS08335	B9J09_RS08335
B9J09_RS08340	B9J09_RS08340
B9J09_RS08345	B9J09_RS08345
B9J09_RS08350	B9J09_RS08350
B9J09_RS13045	B9J09_RS13045
B9J09_RS08355	B9J09_RS08355
B9J09_RS08360	B9J09_RS08360
B9J09_RS08365	B9J09_RS08365
B9J09_RS08370	B9J09_RS08370
B9J09_RS08375	B9J09_RS08375
B9J09_RS08380	B9J09_RS08380
B9J09_RS08385	B9J09_RS08385
B9J09_RS12660	B9J09_RS12660
B9J09_RS08390	B9J09_RS08390
B9J09_RS08395	B9J09_RS08395
B9J09_RS08400	B9J09_RS08400
B9J09_RS08405	B9J09_RS08405
B9J09_RS12665	B9J09_RS12665
B9J09_RS08410	B9J09_RS08410
B9J09_RS08435	B9J09_RS08435
B9J09_RS08440	B9J09_RS08440
B9J09_RS08450	B9J09_RS08450
B9J09_RS12670	B9J09_RS12670
B9J09_RS08460	B9J09_RS08460
B9J09_RS08470	B9J09_RS08470
B9J09_RS12190	B9J09_RS12190
B9J09_RS08490	B9J09_RS08490
B9J09_RS08495	B9J09_RS08495
B9J09_RS08500	B9J09_RS08500
B9J09_RS08515	B9J09_RS08515
B9J09_RS08520	B9J09_RS08520
B9J09_RS08525	B9J09_RS08525
B9J09_RS08530	B9J09_RS08530
B9J09_RS08535	B9J09_RS08535
B9J09_RS08540	B9J09_RS08540
B9J09_RS08545	B9J09_RS08545
B9J09_RS08550	B9J09_RS08550
B9J09_RS08555	B9J09_RS08555
B9J09_RS08560	B9J09_RS08560
B9J09_RS08570	B9J09_RS08570
B9J09_RS08575	B9J09_RS08575
B9J09_RS08580	B9J09_RS08580
B9J09_RS08585	B9J09_RS08585
B9J09_RS08590	B9J09_RS08590
B9J09_RS08600	B9J09_RS08600
B9J09_RS08605	B9J09_RS08605
B9J09_RS08610	B9J09_RS08610
B9J09_RS08615	B9J09_RS08615
B9J09_RS08620	B9J09_RS08620
B9J09_RS08625	B9J09_RS08625
B9J09_RS08630	B9J09_RS08630
B9J09_RS08635	B9J09_RS08635
B9J09_RS08640	B9J09_RS08640
B9J09_RS08645	B9J09_RS08645
B9J09_RS08650	B9J09_RS08650
B9J09_RS08655	B9J09_RS08655
B9J09_RS08660	B9J09_RS08660
B9J09_RS08665	B9J09_RS08665
B9J09_RS08670	B9J09_RS08670
B9J09_RS08675	B9J09_RS08675
B9J09_RS08680	B9J09_RS08680
B9J09_RS08685	B9J09_RS08685
B9J09_RS08695	B9J09_RS08695
B9J09_RS08705	B9J09_RS08705
B9J09_RS08710	B9J09_RS08710
B9J09_RS08715	B9J09_RS08715
B9J09_RS08720	B9J09_RS08720
B9J09_RS08725	B9J09_RS08725
B9J09_RS08730	B9J09_RS08730
B9J09_RS08735	B9J09_RS08735
B9J09_RS08750	B9J09_RS08750
B9J09_RS08755	B9J09_RS08755
B9J09_RS08770	B9J09_RS08770
B9J09_RS08775	B9J09_RS08775
B9J09_RS08780	B9J09_RS08780
B9J09_RS08785	B9J09_RS08785
B9J09_RS08790	B9J09_RS08790
B9J09_RS08800	B9J09_RS08800
B9J09_RS08805	B9J09_RS08805
B9J09_RS08825	B9J09_RS08825
B9J09_RS08830	B9J09_RS08830
B9J09_RS08835	B9J09_RS08835
B9J09_RS08840	B9J09_RS08840
B9J09_RS08845	B9J09_RS08845
B9J09_RS08850	B9J09_RS08850
B9J09_RS08855	B9J09_RS08855
B9J09_RS08860	B9J09_RS08860
B9J09_RS08865	B9J09_RS08865
B9J09_RS08870	B9J09_RS08870
B9J09_RS08875	B9J09_RS08875
B9J09_RS08880	B9J09_RS08880
B9J09_RS08885	B9J09_RS08885
B9J09_RS08890	B9J09_RS08890
B9J09_RS08895	B9J09_RS08895
B9J09_RS08900	B9J09_RS08900
B9J09_RS08905	B9J09_RS08905
B9J09_RS08910	B9J09_RS08910
B9J09_RS08915	B9J09_RS08915
B9J09_RS08920	B9J09_RS08920
B9J09_RS08925	B9J09_RS08925
B9J09_RS08930	B9J09_RS08930
B9J09_RS08935	B9J09_RS08935
B9J09_RS08940	B9J09_RS08940
B9J09_RS08945	B9J09_RS08945
B9J09_RS08950	B9J09_RS08950
B9J09_RS08955	B9J09_RS08955
B9J09_RS08960	B9J09_RS08960
B9J09_RS08965	B9J09_RS08965
B9J09_RS08970	B9J09_RS08970
B9J09_RS08975	B9J09_RS08975
B9J09_RS08980	B9J09_RS08980
B9J09_RS08985	B9J09_RS08985
B9J09_RS08990	B9J09_RS08990
B9J09_RS08995	B9J09_RS08995
B9J09_RS09000	B9J09_RS09000
B9J09_RS09005	B9J09_RS09005
B9J09_RS09010	B9J09_RS09010
B9J09_RS09015	B9J09_RS09015
B9J09_RS09020	B9J09_RS09020
B9J09_RS09030	B9J09_RS09030
B9J09_RS09035	B9J09_RS09035
B9J09_RS09040	B9J09_RS09040
B9J09_RS09045	B9J09_RS09045
B9J09_RS09050	B9J09_RS09050
B9J09_RS09055	B9J09_RS09055
B9J09_RS09060	B9J09_RS09060
B9J09_RS09065	B9J09_RS09065
B9J09_RS09070	B9J09_RS09070
B9J09_RS09075	B9J09_RS09075
B9J09_RS09080	B9J09_RS09080
B9J09_RS09085	B9J09_RS09085
B9J09_RS09090	B9J09_RS09090
B9J09_RS09095	B9J09_RS09095
B9J09_RS09105	B9J09_RS09105
B9J09_RS09110	B9J09_RS09110
B9J09_RS09115	B9J09_RS09115
B9J09_RS09120	B9J09_RS09120
B9J09_RS09125	B9J09_RS09125
B9J09_RS09130	B9J09_RS09130
B9J09_RS09135	B9J09_RS09135
B9J09_RS09140	B9J09_RS09140
B9J09_RS09145	B9J09_RS09145
B9J09_RS09150	B9J09_RS09150
B9J09_RS09155	B9J09_RS09155
B9J09_RS09160	B9J09_RS09160
B9J09_RS12420	B9J09_RS12420
B9J09_RS09165	B9J09_RS09165
B9J09_RS09170	B9J09_RS09170
B9J09_RS09180	B9J09_RS09180
B9J09_RS09185	B9J09_RS09185
B9J09_RS09190	B9J09_RS09190
B9J09_RS09195	B9J09_RS09195
B9J09_RS12675	B9J09_RS12675
B9J09_RS09200	B9J09_RS09200
B9J09_RS09205	B9J09_RS09205
B9J09_RS09220	B9J09_RS09220
B9J09_RS09225	B9J09_RS09225
B9J09_RS09230	B9J09_RS09230
B9J09_RS09235	B9J09_RS09235
B9J09_RS09240	B9J09_RS09240
B9J09_RS09245	B9J09_RS09245
B9J09_RS09250	B9J09_RS09250
B9J09_RS09255	B9J09_RS09255
B9J09_RS09260	B9J09_RS09260
B9J09_RS09265	B9J09_RS09265
B9J09_RS09270	B9J09_RS09270
B9J09_RS09275	B9J09_RS09275
B9J09_RS09280	B9J09_RS09280
B9J09_RS09285	B9J09_RS09285
B9J09_RS09290	B9J09_RS09290
B9J09_RS09295	B9J09_RS09295
B9J09_RS09300	B9J09_RS09300
B9J09_RS09305	B9J09_RS09305
B9J09_RS09310	B9J09_RS09310
B9J09_RS09315	B9J09_RS09315
B9J09_RS09320	B9J09_RS09320
B9J09_RS09325	B9J09_RS09325
B9J09_RS09330	B9J09_RS09330
B9J09_RS09335	B9J09_RS09335
B9J09_RS09340	B9J09_RS09340
B9J09_RS09345	B9J09_RS09345
B9J09_RS09365	B9J09_RS09365
B9J09_RS09370	B9J09_RS09370
B9J09_RS09385	B9J09_RS09385
B9J09_RS09390	B9J09_RS09390
B9J09_RS09395	B9J09_RS09395
B9J09_RS09400	B9J09_RS09400
B9J09_RS09405	B9J09_RS09405
B9J09_RS09410	B9J09_RS09410
B9J09_RS09415	B9J09_RS09415
B9J09_RS09420	B9J09_RS09420
B9J09_RS09425	B9J09_RS09425
B9J09_RS09430	B9J09_RS09430
B9J09_RS09435	B9J09_RS09435
B9J09_RS09440	B9J09_RS09440
B9J09_RS09445	B9J09_RS09445
B9J09_RS09450	B9J09_RS09450
B9J09_RS09455	B9J09_RS09455
B9J09_RS09460	B9J09_RS09460
B9J09_RS09465	B9J09_RS09465
B9J09_RS13345	B9J09_RS13345
B9J09_RS09485	B9J09_RS09485
B9J09_RS09500	B9J09_RS09500
B9J09_RS13065	B9J09_RS13065
B9J09_RS09505	B9J09_RS09505
B9J09_RS09510	B9J09_RS09510
B9J09_RS09515	B9J09_RS09515
B9J09_RS09520	B9J09_RS09520
B9J09_RS09530	B9J09_RS09530
B9J09_RS09535	B9J09_RS09535
B9J09_RS09540	B9J09_RS09540
B9J09_RS09550	B9J09_RS09550
B9J09_RS09560	B9J09_RS09560
B9J09_RS09565	B9J09_RS09565
B9J09_RS09570	B9J09_RS09570
B9J09_RS09575	B9J09_RS09575
B9J09_RS09580	B9J09_RS09580
B9J09_RS09585	B9J09_RS09585
B9J09_RS09590	B9J09_RS09590
B9J09_RS09595	B9J09_RS09595
B9J09_RS09600	B9J09_RS09600
B9J09_RS09605	B9J09_RS09605
B9J09_RS09610	B9J09_RS09610
B9J09_RS09620	B9J09_RS09620
B9J09_RS09625	B9J09_RS09625
B9J09_RS09630	B9J09_RS09630
B9J09_RS09635	B9J09_RS09635
B9J09_RS09640	B9J09_RS09640
B9J09_RS09645	B9J09_RS09645
B9J09_RS09650	B9J09_RS09650
B9J09_RS09655	B9J09_RS09655
B9J09_RS09660	B9J09_RS09660
B9J09_RS09665	B9J09_RS09665
B9J09_RS09675	B9J09_RS09675
B9J09_RS09680	B9J09_RS09680
B9J09_RS09685	B9J09_RS09685
B9J09_RS09690	B9J09_RS09690
B9J09_RS09695	B9J09_RS09695
B9J09_RS09700	B9J09_RS09700
B9J09_RS09705	B9J09_RS09705
B9J09_RS09710	B9J09_RS09710
B9J09_RS09715	B9J09_RS09715
B9J09_RS09720	B9J09_RS09720
B9J09_RS09730	B9J09_RS09730
B9J09_RS12425	B9J09_RS12425
B9J09_RS09740	B9J09_RS09740
B9J09_RS09745	B9J09_RS09745
B9J09_RS09750	B9J09_RS09750
B9J09_RS09760	B9J09_RS09760
B9J09_RS09765	B9J09_RS09765
B9J09_RS09770	B9J09_RS09770
B9J09_RS09775	B9J09_RS09775
B9J09_RS09780	B9J09_RS09780
B9J09_RS09785	B9J09_RS09785
B9J09_RS09800	B9J09_RS09800
B9J09_RS09810	B9J09_RS09810
B9J09_RS09815	B9J09_RS09815
B9J09_RS09820	B9J09_RS09820
B9J09_RS09825	B9J09_RS09825
B9J09_RS09830	B9J09_RS09830
B9J09_RS09835	B9J09_RS09835
B9J09_RS09840	B9J09_RS09840
B9J09_RS09845	B9J09_RS09845
B9J09_RS09850	B9J09_RS09850
B9J09_RS09855	B9J09_RS09855
B9J09_RS09860	B9J09_RS09860
B9J09_RS09865	B9J09_RS09865
B9J09_RS09870	B9J09_RS09870
B9J09_RS12685	B9J09_RS12685
B9J09_RS09875	B9J09_RS09875
B9J09_RS09880	B9J09_RS09880
B9J09_RS09885	B9J09_RS09885
B9J09_RS09890	B9J09_RS09890
B9J09_RS09895	B9J09_RS09895
B9J09_RS09900	B9J09_RS09900
B9J09_RS13085	B9J09_RS13085
B9J09_RS09905	B9J09_RS09905
B9J09_RS09910	B9J09_RS09910
B9J09_RS09915	B9J09_RS09915
B9J09_RS09920	B9J09_RS09920
B9J09_RS09925	B9J09_RS09925
B9J09_RS09930	B9J09_RS09930
B9J09_RS09935	B9J09_RS09935
B9J09_RS09945	B9J09_RS09945
B9J09_RS09950	B9J09_RS09950
B9J09_RS09955	B9J09_RS09955
B9J09_RS09960	B9J09_RS09960
B9J09_RS13090	B9J09_RS13090
B9J09_RS09970	B9J09_RS09970
B9J09_RS09975	B9J09_RS09975
B9J09_RS09980	B9J09_RS09980
B9J09_RS09985	B9J09_RS09985
B9J09_RS09990	B9J09_RS09990
B9J09_RS09995	B9J09_RS09995
B9J09_RS10000	B9J09_RS10000
B9J09_RS10005	B9J09_RS10005
B9J09_RS10010	B9J09_RS10010
B9J09_RS12440	B9J09_RS12440
B9J09_RS10015	B9J09_RS10015
B9J09_RS10020	B9J09_RS10020
B9J09_RS10025	B9J09_RS10025
B9J09_RS10030	B9J09_RS10030
B9J09_RS10035	B9J09_RS10035
B9J09_RS10040	B9J09_RS10040
B9J09_RS13350	B9J09_RS13350
B9J09_RS10045	B9J09_RS10045
B9J09_RS10050	B9J09_RS10050
B9J09_RS13095	B9J09_RS13095
B9J09_RS10065	B9J09_RS10065
B9J09_RS10070	B9J09_RS10070
B9J09_RS13460	B9J09_RS13460
B9J09_RS10080	B9J09_RS10080
B9J09_RS10085	B9J09_RS10085
B9J09_RS10090	B9J09_RS10090
B9J09_RS10095	B9J09_RS10095
B9J09_RS10100	B9J09_RS10100
B9J09_RS10105	B9J09_RS10105
B9J09_RS10110	B9J09_RS10110
B9J09_RS10115	B9J09_RS10115
B9J09_RS10120	B9J09_RS10120
B9J09_RS10125	B9J09_RS10125
B9J09_RS10135	B9J09_RS10135
B9J09_RS10140	B9J09_RS10140
B9J09_RS10145	B9J09_RS10145
B9J09_RS10150	B9J09_RS10150
B9J09_RS10155	B9J09_RS10155
B9J09_RS13140	B9J09_RS13140
B9J09_RS10165	B9J09_RS10165
B9J09_RS10170	B9J09_RS10170
B9J09_RS13470	B9J09_RS13470
B9J09_RS10180	B9J09_RS10180
B9J09_RS10185	B9J09_RS10185
B9J09_RS10190	B9J09_RS10190
B9J09_RS10195	B9J09_RS10195
B9J09_RS12445	B9J09_RS12445
B9J09_RS10210	B9J09_RS10210
B9J09_RS10215	B9J09_RS10215
B9J09_RS10220	B9J09_RS10220
B9J09_RS10225	B9J09_RS10225
B9J09_RS12450	B9J09_RS12450
B9J09_RS10235	B9J09_RS10235
B9J09_RS10245	B9J09_RS10245
B9J09_RS10250	B9J09_RS10250
B9J09_RS10255	B9J09_RS10255
B9J09_RS10260	B9J09_RS10260
B9J09_RS10265	B9J09_RS10265
B9J09_RS10270	B9J09_RS10270
B9J09_RS10275	B9J09_RS10275
B9J09_RS13150	B9J09_RS13150
B9J09_RS10285	B9J09_RS10285
B9J09_RS10290	B9J09_RS10290
B9J09_RS10295	B9J09_RS10295
B9J09_RS10300	B9J09_RS10300
B9J09_RS10305	B9J09_RS10305
B9J09_RS10310	B9J09_RS10310
B9J09_RS10315	B9J09_RS10315
B9J09_RS10320	B9J09_RS10320
B9J09_RS10325	B9J09_RS10325
B9J09_RS10335	B9J09_RS10335
B9J09_RS10345	B9J09_RS10345
B9J09_RS13155	B9J09_RS13155
B9J09_RS10355	B9J09_RS10355
B9J09_RS10360	B9J09_RS10360
B9J09_RS10365	B9J09_RS10365
B9J09_RS10370	B9J09_RS10370
B9J09_RS10375	B9J09_RS10375
B9J09_RS10385	B9J09_RS10385
B9J09_RS10390	B9J09_RS10390
B9J09_RS10395	B9J09_RS10395
B9J09_RS10400	B9J09_RS10400
B9J09_RS10405	B9J09_RS10405
B9J09_RS10415	B9J09_RS10415
B9J09_RS12455	B9J09_RS12455
B9J09_RS10420	B9J09_RS10420
B9J09_RS12460	B9J09_RS12460
B9J09_RS10425	B9J09_RS10425
B9J09_RS10430	B9J09_RS10430
B9J09_RS10435	B9J09_RS10435
B9J09_RS10440	B9J09_RS10440
B9J09_RS10445	B9J09_RS10445
B9J09_RS10450	B9J09_RS10450
B9J09_RS10460	B9J09_RS10460
B9J09_RS10465	B9J09_RS10465
B9J09_RS10475	B9J09_RS10475
B9J09_RS10480	B9J09_RS10480
B9J09_RS10485	B9J09_RS10485
B9J09_RS10490	B9J09_RS10490
B9J09_RS10495	B9J09_RS10495
B9J09_RS10500	B9J09_RS10500
B9J09_RS10505	B9J09_RS10505
B9J09_RS10510	B9J09_RS10510
B9J09_RS10515	B9J09_RS10515
B9J09_RS10520	B9J09_RS10520
B9J09_RS10525	B9J09_RS10525
B9J09_RS10540	B9J09_RS10540
B9J09_RS10545	B9J09_RS10545
B9J09_RS10550	B9J09_RS10550
B9J09_RS10555	B9J09_RS10555
B9J09_RS10560	B9J09_RS10560
B9J09_RS10575	B9J09_RS10575
B9J09_RS10580	B9J09_RS10580
B9J09_RS10585	B9J09_RS10585
B9J09_RS10590	B9J09_RS10590
B9J09_RS10595	B9J09_RS10595
B9J09_RS10600	B9J09_RS10600
B9J09_RS10605	B9J09_RS10605
B9J09_RS10610	B9J09_RS10610
B9J09_RS12465	B9J09_RS12465
B9J09_RS10615	B9J09_RS10615
B9J09_RS10620	B9J09_RS10620
B9J09_RS10630	B9J09_RS10630
B9J09_RS10640	B9J09_RS10640
B9J09_RS10645	B9J09_RS10645
B9J09_RS10650	B9J09_RS10650
B9J09_RS10655	B9J09_RS10655
B9J09_RS10660	B9J09_RS10660
B9J09_RS10665	B9J09_RS10665
B9J09_RS10670	B9J09_RS10670
B9J09_RS10675	B9J09_RS10675
B9J09_RS10685	B9J09_RS10685
B9J09_RS13360	B9J09_RS13360
B9J09_RS10695	B9J09_RS10695
B9J09_RS10705	B9J09_RS10705
B9J09_RS10710	B9J09_RS10710
B9J09_RS10715	B9J09_RS10715
B9J09_RS10720	B9J09_RS10720
B9J09_RS12695	B9J09_RS12695
B9J09_RS12470	B9J09_RS12470
B9J09_RS10735	B9J09_RS10735
B9J09_RS10740	B9J09_RS10740
B9J09_RS10745	B9J09_RS10745
B9J09_RS10750	B9J09_RS10750
B9J09_RS10755	B9J09_RS10755
B9J09_RS10760	B9J09_RS10760
B9J09_RS10765	B9J09_RS10765
B9J09_RS10770	B9J09_RS10770
B9J09_RS13365	B9J09_RS13365
B9J09_RS10780	B9J09_RS10780
B9J09_RS10795	B9J09_RS10795
B9J09_RS10800	B9J09_RS10800
B9J09_RS10805	B9J09_RS10805
B9J09_RS10810	B9J09_RS10810
B9J09_RS10820	B9J09_RS10820
B9J09_RS10830	B9J09_RS10830
B9J09_RS10840	B9J09_RS10840
B9J09_RS10845	B9J09_RS10845
B9J09_RS10850	B9J09_RS10850
B9J09_RS10855	B9J09_RS10855
B9J09_RS10860	B9J09_RS10860
B9J09_RS13160	B9J09_RS13160
B9J09_RS10870	B9J09_RS10870
B9J09_RS10875	B9J09_RS10875
B9J09_RS10880	B9J09_RS10880
B9J09_RS10885	B9J09_RS10885
B9J09_RS10890	B9J09_RS10890
B9J09_RS10895	B9J09_RS10895
B9J09_RS10900	B9J09_RS10900
B9J09_RS10905	B9J09_RS10905
B9J09_RS10915	B9J09_RS10915
B9J09_RS10920	B9J09_RS10920
B9J09_RS10925	B9J09_RS10925
B9J09_RS10930	B9J09_RS10930
B9J09_RS10935	B9J09_RS10935
B9J09_RS10940	B9J09_RS10940
B9J09_RS10945	B9J09_RS10945
B9J09_RS10955	B9J09_RS10955
B9J09_RS10960	B9J09_RS10960
B9J09_RS10970	B9J09_RS10970
B9J09_RS10975	B9J09_RS10975
B9J09_RS10980	B9J09_RS10980
B9J09_RS10985	B9J09_RS10985
B9J09_RS10990	B9J09_RS10990
B9J09_RS10995	B9J09_RS10995
B9J09_RS11000	B9J09_RS11000
B9J09_RS11005	B9J09_RS11005
B9J09_RS11010	B9J09_RS11010
B9J09_RS11015	B9J09_RS11015
B9J09_RS11025	B9J09_RS11025
B9J09_RS11035	B9J09_RS11035
B9J09_RS11040	B9J09_RS11040
B9J09_RS11045	B9J09_RS11045
B9J09_RS11050	B9J09_RS11050
B9J09_RS11055	B9J09_RS11055
B9J09_RS11060	B9J09_RS11060
B9J09_RS11065	B9J09_RS11065
B9J09_RS11070	B9J09_RS11070
B9J09_RS11075	B9J09_RS11075
B9J09_RS11080	B9J09_RS11080
B9J09_RS11085	B9J09_RS11085
B9J09_RS11090	B9J09_RS11090
B9J09_RS11095	B9J09_RS11095
B9J09_RS11100	B9J09_RS11100
B9J09_RS11105	B9J09_RS11105
B9J09_RS11110	B9J09_RS11110
B9J09_RS11115	B9J09_RS11115
B9J09_RS11120	B9J09_RS11120
B9J09_RS11125	B9J09_RS11125
B9J09_RS11130	B9J09_RS11130
B9J09_RS11135	B9J09_RS11135
B9J09_RS11140	B9J09_RS11140
B9J09_RS11145	B9J09_RS11145
B9J09_RS11150	B9J09_RS11150
B9J09_RS11160	B9J09_RS11160
B9J09_RS11165	B9J09_RS11165
B9J09_RS11170	B9J09_RS11170
B9J09_RS11175	B9J09_RS11175
B9J09_RS11185	B9J09_RS11185
B9J09_RS11190	B9J09_RS11190
B9J09_RS11195	B9J09_RS11195
B9J09_RS11200	B9J09_RS11200
B9J09_RS11210	B9J09_RS11210
B9J09_RS11215	B9J09_RS11215
B9J09_RS11220	B9J09_RS11220
B9J09_RS11225	B9J09_RS11225
B9J09_RS11230	B9J09_RS11230
B9J09_RS11235	B9J09_RS11235
B9J09_RS11240	B9J09_RS11240
B9J09_RS11245	B9J09_RS11245
B9J09_RS11250	B9J09_RS11250
B9J09_RS11255	B9J09_RS11255
B9J09_RS11260	B9J09_RS11260
B9J09_RS11265	B9J09_RS11265
B9J09_RS11275	B9J09_RS11275
B9J09_RS11295	B9J09_RS11295
B9J09_RS11300	B9J09_RS11300
B9J09_RS11305	B9J09_RS11305
B9J09_RS11310	B9J09_RS11310
B9J09_RS11320	B9J09_RS11320
B9J09_RS11325	B9J09_RS11325
B9J09_RS11330	B9J09_RS11330
B9J09_RS11335	B9J09_RS11335
B9J09_RS11340	B9J09_RS11340
B9J09_RS11350	B9J09_RS11350
B9J09_RS11360	B9J09_RS11360
B9J09_RS11370	B9J09_RS11370
B9J09_RS11380	B9J09_RS11380
B9J09_RS12480	B9J09_RS12480
B9J09_RS13370	B9J09_RS13370
B9J09_RS11390	B9J09_RS11390
B9J09_RS13165	B9J09_RS13165
B9J09_RS11395	B9J09_RS11395
B9J09_RS11400	B9J09_RS11400
B9J09_RS13170	B9J09_RS13170
B9J09_RS11410	B9J09_RS11410
B9J09_RS11420	B9J09_RS11420
B9J09_RS11425	B9J09_RS11425
B9J09_RS11435	B9J09_RS11435
B9J09_RS11440	B9J09_RS11440
B9J09_RS11445	B9J09_RS11445
B9J09_RS11450	B9J09_RS11450
B9J09_RS11455	B9J09_RS11455
B9J09_RS13175	B9J09_RS13175
B9J09_RS11460	B9J09_RS11460
B9J09_RS11465	B9J09_RS11465
B9J09_RS11475	B9J09_RS11475
B9J09_RS11480	B9J09_RS11480
B9J09_RS11485	B9J09_RS11485
B9J09_RS11490	B9J09_RS11490
B9J09_RS11495	B9J09_RS11495
B9J09_RS11500	B9J09_RS11500
B9J09_RS11505	B9J09_RS11505
B9J09_RS11510	B9J09_RS11510
B9J09_RS11515	B9J09_RS11515
B9J09_RS11520	B9J09_RS11520
B9J09_RS11525	B9J09_RS11525
B9J09_RS11530	B9J09_RS11530
B9J09_RS11535	B9J09_RS11535
B9J09_RS11540	B9J09_RS11540
B9J09_RS11545	B9J09_RS11545
B9J09_RS11550	B9J09_RS11550
B9J09_RS13180	B9J09_RS13180
B9J09_RS11560	B9J09_RS11560
B9J09_RS11565	B9J09_RS11565
B9J09_RS11570	B9J09_RS11570
B9J09_RS11580	B9J09_RS11580
B9J09_RS13375	B9J09_RS13375
B9J09_RS11585	B9J09_RS11585
B9J09_RS11590	B9J09_RS11590
B9J09_RS11600	B9J09_RS11600
B9J09_RS11605	B9J09_RS11605
B9J09_RS12705	B9J09_RS12705
B9J09_RS12205	B9J09_RS12205
B9J09_RS11615	B9J09_RS11615
B9J09_RS13185	B9J09_RS13185
B9J09_RS11625	B9J09_RS11625
B9J09_RS11630	B9J09_RS11630
B9J09_RS11635	B9J09_RS11635
B9J09_RS11640	B9J09_RS11640
B9J09_RS11645	B9J09_RS11645
B9J09_RS13190	B9J09_RS13190
B9J09_RS13380	B9J09_RS13380
B9J09_RS11660	B9J09_RS11660
B9J09_RS11670	B9J09_RS11670
B9J09_RS12730	B9J09_RS12730
B9J09_RS11680	B9J09_RS11680
B9J09_RS11685	B9J09_RS11685
B9J09_RS11690	B9J09_RS11690
B9J09_RS11695	B9J09_RS11695
B9J09_RS11700	B9J09_RS11700
B9J09_RS12490	B9J09_RS12490
B9J09_RS11710	B9J09_RS11710
B9J09_RS12495	B9J09_RS12495
B9J09_RS11715	B9J09_RS11715
B9J09_RS11720	B9J09_RS11720
B9J09_RS11725	B9J09_RS11725
B9J09_RS11730	B9J09_RS11730
B9J09_RS11745	B9J09_RS11745
B9J09_RS12500	B9J09_RS12500
B9J09_RS11755	B9J09_RS11755
B9J09_RS11760	B9J09_RS11760
B9J09_RS11765	B9J09_RS11765
B9J09_RS11770	B9J09_RS11770
B9J09_RS13195	B9J09_RS13195
B9J09_RS13200	B9J09_RS13200
B9J09_RS13205	B9J09_RS13205
B9J09_RS11780	B9J09_RS11780
B9J09_RS13385	B9J09_RS13385
B9J09_RS11810	B9J09_RS11810
B9J09_RS11815	B9J09_RS11815
B9J09_RS11820	B9J09_RS11820
B9J09_RS11825	B9J09_RS11825
B9J09_RS11830	B9J09_RS11830
B9J09_RS11840	B9J09_RS11840
B9J09_RS11845	B9J09_RS11845
B9J09_RS11850	B9J09_RS11850
B9J09_RS11860	B9J09_RS11860
B9J09_RS11870	B9J09_RS11870
B9J09_RS12505	B9J09_RS12505
B9J09_RS11885	B9J09_RS11885
B9J09_RS11890	B9J09_RS11890
B9J09_RS11895	B9J09_RS11895
B9J09_RS11900	B9J09_RS11900
B9J09_RS11905	B9J09_RS11905
